date,inventory
2015-01-02,25125.0
2015-01-05,25125.0
2015-01-07,24550.0
2015-01-08,24075.0
2015-01-09,24100.0
2015-01-12,24450.0
2015-01-13,24350.0
2015-01-14,23025.0
2015-01-15,22950.0
2015-01-16,22725.0
2015-01-19,23850.0
2015-01-20,23700.0
2015-01-21,23700.0
2015-01-22,23600.0
2015-01-23,23450.0
2015-01-26,23300.0
2015-01-27,23250.0
2015-01-28,23075.0
2015-01-29,22850.0
2015-01-30,23125.0
2015-02-02,23100.0
2015-02-03,23025.0
2015-02-04,22775.0
2015-02-05,24200.0
2015-02-06,25650.0
2015-02-09,25300.0
2015-02-10,27300.0
2015-02-11,26275.0
2015-02-12,31975.0
2015-02-13,34900.0
2015-02-16,34300.0
2015-02-17,34175.0
2015-02-25,31250.0
2015-02-26,30125.0
2015-02-27,29850.0
2015-03-02,29650.0
2015-03-03,29800.0
2015-03-04,41400.0
2015-03-09,50600.0
2015-03-10,49500.0
2015-03-11,48950.0
2015-03-12,47475.0
2015-03-13,56800.0
2015-03-16,55275.0
2015-03-18,98950.0
2015-03-19,96625.0
2015-03-23,93200.0
2015-03-24,91250.0
2015-03-25,91250.0
2015-03-27,84975.0
2015-03-30,82875.0
2015-04-01,81450.0
2015-04-02,79375.0
2015-04-08,74675.0
2015-04-09,73800.0
2015-04-10,73725.0
2015-04-13,80150.0
2015-04-14,80025.0
2015-04-15,80525.0
2015-04-16,80450.0
2015-04-17,79325.0
2015-04-20,78750.0
2015-04-21,75475.0
2015-04-22,76325.0
2015-04-23,75800.0
2015-04-27,74675.0
2015-04-28,73700.0
2015-04-29,85950.0
2015-04-30,85125.0
2015-05-05,87475.0
2015-05-06,86300.0
2015-05-08,84375.0
2015-05-11,96275.0
2015-05-12,107700.0
2015-05-14,120175.0
2015-05-15,126625.0
2015-05-18,125975.0
2015-05-20,123425.0
2015-05-21,120775.0
2015-05-22,117875.0
2015-05-26,113900.0
2015-05-27,112650.0
2015-05-28,110125.0
2015-05-29,107350.0
2015-06-01,105175.0
2015-06-02,105225.0
2015-06-03,103175.0
2015-06-04,102650.0
2015-06-05,110850.0
2015-06-09,96325.0
2015-06-12,74525.0
2015-06-15,73400.0
2015-06-16,73400.0
2015-06-18,68850.0
2015-06-23,69625.0
2015-06-24,66075.0
2015-06-25,63225.0
2015-06-26,60250.0
2015-06-29,61225.0
2015-06-30,60125.0
2015-07-02,56125.0
2015-07-03,54825.0
2015-07-06,53825.0
2015-07-07,52850.0
2015-07-09,45700.0
2015-07-10,44750.0
2015-07-13,43200.0
2015-07-14,40875.0
2015-07-15,28575.0
2015-07-16,26800.0
2015-07-17,24925.0
2015-07-20,23625.0
2015-07-21,24050.0
2015-07-22,23750.0
2015-07-23,21500.0
2015-07-24,20425.0
2015-07-27,19250.0
2015-07-28,18175.0
2015-07-29,21475.0
2015-07-30,23675.0
2015-08-03,24175.0
2015-08-04,24150.0
2015-08-05,23775.0
2015-08-06,24175.0
2015-08-07,22900.0
2015-08-10,22800.0
2015-08-11,22300.0
2015-08-13,14700.0
2015-08-14,18125.0
2015-08-17,25975.0
2015-08-18,26425.0
2015-08-19,27300.0
2015-08-20,37175.0
2015-08-21,42625.0
2015-08-24,52800.0
2015-08-25,53700.0
2015-08-26,53100.0
2015-08-27,52325.0
2015-08-28,56225.0
2015-09-01,52625.0
2015-09-02,56425.0
2015-09-07,59525.0
2015-09-08,57700.0
2015-09-09,57675.0
2015-09-10,63775.0
2015-09-11,63050.0
2015-09-14,79450.0
2015-09-15,69600.0
2015-09-16,69475.0
2015-09-17,67875.0
2015-09-18,67775.0
2015-09-21,66200.0
2015-09-22,63775.0
2015-09-24,57500.0
2015-09-25,56950.0
2015-09-29,52650.0
2015-09-30,80850.0
2015-10-08,66425.0
2015-10-09,64250.0
2015-10-13,59575.0
2015-10-14,56375.0
2015-10-15,56775.0
2015-10-16,65225.0
2015-10-19,60800.0
2015-10-20,56575.0
2015-10-22,56900.0
2015-10-23,52475.0
2015-10-26,89850.0
2015-10-27,86675.0
2015-10-28,82925.0
2015-10-29,78755.0
2015-10-30,75725.0
2015-11-02,76700.0
2015-11-03,81725.0
2015-11-04,78875.0
2015-11-05,77825.0
2015-11-06,75425.0
2015-11-09,68825.0
2015-11-10,66325.0
2015-11-11,64225.0
2015-11-13,60425.0
2015-11-16,57875.0
2015-11-17,54675.0
2015-11-19,53250.0
2015-11-20,50525.0
2015-11-23,46950.0
2015-11-24,46000.0
2015-11-25,42250.0
2015-11-26,37675.0
2015-11-27,34925.0
2015-11-30,33925.0
2015-12-01,32875.0
2015-12-02,29075.0
2015-12-03,27850.0
2015-12-04,26225.0
2015-12-07,25050.0
2015-12-08,25275.0
2015-12-09,21850.0
2015-12-10,21750.0
2015-12-11,21125.0
2015-12-14,19850.0
2015-12-15,19450.0
2015-12-16,20900.0
2015-12-17,20600.0
2015-12-18,23175.0
2015-12-21,26625.0
2015-12-23,26500.0
2015-12-24,31500.0
2015-12-29,36150.0
2015-12-30,38250.0
2015-12-31,40300.0
2016-01-04,38200.0
2016-01-05,38875.0
2016-01-06,38900.0
2016-01-07,39525.0
2016-01-08,37325.0
2016-01-11,41500.0
2016-01-12,40675.0
2016-01-13,40075.0
2016-01-14,39225.0
2016-01-15,38000.0
2016-01-18,41425.0
2016-01-19,42575.0
2016-01-20,44200.0
2016-01-21,40750.0
2016-01-22,56425.0
2016-01-25,57850.0
2016-01-26,60525.0
2016-01-27,68300.0
2016-01-28,70850.0
2016-01-29,72725.0
2016-02-01,71625.0
2016-02-02,70875.0
2016-02-03,72000.0
2016-02-04,68775.0
2016-02-05,63250.0
2016-02-15,49500.0
2016-02-16,43075.0
2016-02-17,39075.0
2016-02-18,38125.0
2016-02-19,38800.0
2016-02-22,35650.0
2016-02-23,40400.0
2016-02-24,4250.0
2016-02-25,41525.0
2016-02-26,43550.0
2016-02-29,45350.0
2016-03-01,47700.0
2016-03-02,46000.0
2016-03-03,46350.0
2016-03-04,48025.0
2016-03-07,47600.0
2016-03-08,45875.0
2016-03-09,48275.0
2016-03-10,45675.0
2016-03-11,54100.0
2016-03-14,52750.0
2016-03-15,48925.0
2016-03-16,45875.0
2016-03-17,43350.0
2016-03-18,44025.0
2016-03-21,44200.0
2016-03-22,44175.0
2016-03-23,45500.0
2016-03-24,46475.0
2016-03-29,46225.0
2016-03-30,45675.0
2016-03-31,44075.0
2016-04-01,42725.0
2016-04-05,41975.0
2016-04-06,45300.0
2016-04-07,43125.0
2016-04-08,39250.0
2016-04-11,36600.0
2016-04-12,35400.0
2016-04-13,33000.0
2016-04-14,34050.0
2016-04-15,32850.0
2016-04-18,26875.0
2016-04-19,22175.0
2016-04-20,20375.0
2016-04-21,22425.0
2016-04-22,24925.0
2016-04-25,27650.0
2016-04-26,28475.0
2016-04-27,30425.0
2016-04-28,32000.0
2016-04-29,34275.0
2016-05-03,36350.0
2016-05-04,35575.0
2016-05-05,42600.0
2016-05-06,42525.0
2016-05-09,42275.0
2016-05-10,42900.0
2016-05-11,42475.0
2016-05-12,40225.0
2016-05-13,36525.0
2016-05-16,34325.0
2016-05-17,32000.0
2016-05-18,32175.0
2016-05-19,31575.0
2016-05-20,32425.0
2016-05-23,30900.0
2016-05-24,42350.0
2016-05-25,45250.0
2016-05-27,50100.0
2016-05-31,48125.0
2016-06-01,48975.0
2016-06-02,50475.0
2016-06-03,50475.0
2016-06-06,49950.0
2016-06-07,49925.0
2016-06-08,48100.0
2016-06-10,42250.0
2016-06-13,38975.0
2016-06-14,34625.0
2016-06-15,36700.0
2016-06-16,37825.0
2016-06-17,39950.0
2016-06-20,42550.0
2016-06-21,42825.0
2016-06-22,46250.0
2016-06-23,54625.0
2016-06-24,52875.0
2016-06-27,51825.0
2016-06-29,54875.0
2016-06-30,54825.0
2016-07-04,51175.0
2016-07-05,51175.0
2016-07-06,50450.0
2016-07-07,48625.0
2016-07-08,52500.0
2016-07-11,59800.0
2016-07-12,63525.0
2016-07-13,68900.0
2016-07-14,76000.0
2016-07-15,77125.0
2016-07-18,80975.0
2016-07-19,78850.0
2016-07-20,76950.0
2016-07-21,76100.0
2016-07-22,84475.0
2016-07-25,85850.0
2016-07-26,78050.0
2016-07-27,72775.0
2016-07-28,68250.0
2016-07-29,66475.0
2016-08-03,53900.0
2016-08-04,49750.0
2016-08-05,45950.0
2016-08-08,52825.0
2016-08-09,50525.0
2016-08-10,54300.0
2016-08-11,54950.0
2016-08-12,53975.0
2016-08-15,55350.0
2016-08-16,57800.0
2016-08-17,60225.0
2016-08-18,64000.0
2016-08-19,59375.0
2016-08-22,57325.0
2016-08-23,53725.0
2016-08-24,52650.0
2016-08-25,50425.0
2016-08-26,48300.0
2016-08-30,43975.0
2016-08-31,39550.0
2016-09-01,38975.0
2016-09-02,40150.0
2016-09-05,45175.0
2016-09-06,44375.0
2016-09-07,43775.0
2016-09-08,47200.0
2016-09-09,47975.0
2016-09-12,54875.0
2016-09-13,56375.0
2016-09-14,52875.0
2016-09-19,57975.0
2016-09-20,54500.0
2016-09-21,51225.0
2016-09-22,53225.0
2016-09-23,59800.0
2016-09-26,57050.0
2016-09-27,57050.0
2016-09-28,57050.0
2016-09-29,77900.0
2016-09-30,80125.0
2016-10-03,292600.0
2016-10-04,75925.0
2016-10-05,82125.0
2016-10-06,76300.0
2016-10-07,69375.0
2016-10-11,80625.0
2016-10-12,85600.0
2016-10-13,88650.0
2016-10-14,97250.0
2016-10-17,98325.0
2016-10-18,100400.0
2016-10-19,102000.0
2016-10-20,104725.0
2016-10-24,102425.0
2016-10-25,103975.0
2016-10-26,112700.0
2016-10-27,120425.0
2016-10-28,192975.0
2016-10-31,134000.0
2016-11-01,134575.0
2016-11-02,145975.0
2016-11-03,143975.0
2016-11-04,142500.0
2016-11-07,133325.0
2016-11-09,112775.0
2016-11-10,105125.0
2016-11-11,270850.0
2016-11-14,92100.0
2016-11-15,87625.0
2016-11-16,81775.0
2016-11-17,71525.0
2016-11-18,73275.0
2016-11-21,72100.0
2016-11-22,71825.0
2016-11-23,73650.0
2016-11-24,75350.0
2016-11-25,77650.0
2016-11-28,79875.0
2016-11-29,82825.0
2016-11-30,90600.0
2016-12-01,94150.0
2016-12-02,96350.0
2016-12-05,96350.0
2016-12-06,101025.0
2016-12-07,108700.0
2016-12-08,111450.0
2016-12-09,104475.0
2016-12-12,101375.0
2016-12-13,97800.0
2016-12-14,95275.0
2016-12-15,92500.0
2016-12-16,102875.0
2016-12-19,109475.0
2016-12-20,119100.0
2016-12-21,122125.0
2016-12-22,118450.0
2016-12-23,117725.0
2016-12-28,119425.0
2016-12-29,116050.0
2016-12-30,125225.0
2017-01-03,114825.0
2017-01-04,108975.0
2017-01-05,102125.0
2017-01-06,95475.0
2017-01-09,92050.0
2017-01-10,88275.0
2017-01-12,80200.0
2017-01-13,77325.0
2017-01-16,78075.0
2017-01-17,75700.0
2017-01-18,201875.0
2017-01-19,201525.0
2017-01-20,203250.0
2017-01-23,74800.0
2017-02-03,104600.0
2017-02-08,110900.0
2017-02-09,111200.0
2017-02-10,110350.0
2017-02-13,108350.0
2017-02-14,105025.0
2017-02-15,107050.0
2017-02-17,103000.0
2017-02-20,97950.0
2017-02-21,95350.0
2017-02-22,93225.0
2017-02-23,88125.0
2017-02-24,84850.0
2017-02-27,110650.0
2017-02-28,107375.0
2017-03-01,104750.0
2017-03-02,104225.0
2017-03-03,107675.0
2017-03-06,110250.0
2017-03-07,154075.0
2017-03-08,123500.0
2017-03-09,132475.0
2017-03-10,186075.0
2017-03-13,148300.0
2017-03-14,147200.0
2017-03-15,160700.0
2017-03-16,159200.0
2017-03-17,157775.0
2017-03-20,153750.0
2017-03-21,149525.0
2017-03-22,148900.0
2017-03-23,142100.0
2017-03-24,135700.0
2017-03-27,128750.0
2017-03-28,128575.0
2017-03-29,132175.0
2017-03-30,125450.0
2017-03-31,124600.0
2017-04-03,118075.0
2017-04-05,110125.0
2017-04-06,105475.0
2017-04-07,101575.0
2017-04-10,96875.0
2017-04-11,93625.0
2017-04-12,89975.0
2017-04-13,84450.0
2017-04-18,92300.0
2017-04-19,169725.0
2017-04-20,108475.0
2017-04-21,117450.0
2017-04-24,121675.0
2017-04-25,126575.0
2017-04-26,135000.0
2017-04-27,139950.0
2017-04-28,137175.0
2017-05-02,121250.0
2017-05-04,117575.0
2017-05-05,111350.0
2017-05-08,108250.0
2017-05-09,101325.0
2017-05-10,101325.0
2017-05-11,101325.0
2017-05-12,109750.0
2017-05-15,106450.0
2017-05-16,103800.0
2017-05-17,106225.0
2017-05-18,102875.0
2017-05-19,110675.0
2017-05-22,125025.0
2017-05-23,135025.0
2017-05-24,149450.0
2017-05-25,149575.0
2017-05-26,157900.0
2017-05-31,153875.0
2017-06-01,165175.0
2017-06-02,162625.0
2017-06-05,159700.0
2017-06-06,154725.0
2017-06-07,149375.0
2017-06-08,141200.0
2017-06-09,131700.0
2017-06-12,126775.0
2017-06-13,122050.0
2017-06-14,113225.0
2017-06-15,109200.0
2017-06-16,106100.0
2017-06-19,102825.0
2017-06-20,100050.0
2017-06-21,114475.0
2017-06-22,111875.0
2017-06-23,112550.0
2017-06-26,110300.0
2017-06-27,107150.0
2017-06-28,102875.0
2017-06-29,97500.0
2017-06-30,94050.0
2017-07-03,98075.0
2017-07-04,99475.0
2017-07-05,102025.0
2017-07-06,100875.0
2017-07-07,101150.0
2017-07-10,101550.0
2017-07-11,100375.0
2017-07-12,99175.0
2017-07-13,96375.0
2017-07-14,91275.0
2017-07-17,87100.0
2017-07-18,80550.0
2017-07-19,79100.0
2017-07-20,77950.0
2017-07-21,77025.0
2017-07-24,76800.0
2017-07-25,77300.0
2017-07-26,82125.0
2017-07-27,86000.0
2017-07-28,88050.0
2017-07-31,87975.0
2017-08-01,90075.0
2017-08-02,102775.0
2017-08-03,109525.0
2017-08-04,116300.0
2017-08-07,123550.0
2017-08-08,129075.0
2017-08-09,130800.0
2017-08-10,134050.0
2017-08-11,139575.0
2017-08-15,147675.0
2017-08-18,145050.0
2017-08-21,139675.0
2017-08-25,127875.0
2017-09-04,107525.0
2017-09-07,99175.0
2017-09-08,96800.0
2017-09-12,89275.0
2017-09-15,86850.0
2017-09-27,79075.0
2017-09-29,70900.0
2017-10-03,73300.0
2017-10-06,67650.0
2017-10-12,71675.0
2017-10-18,72850.0
2017-10-19,69375.0
2017-10-26,106350.0
2017-11-03,108825.0
2017-11-07,102375.0
2017-11-09,95725.0
2017-11-10,91150.0
2017-11-22,88225.0
2017-11-24,74850.0
2017-11-30,48450.0
2017-12-01,43725.0
2017-12-11,34925.0
2017-12-13,32275.0
2017-12-15,32050.0
2017-12-21,31375.0
2017-12-22,36200.0
2017-12-27,41625.0
2018-01-03,44975.0
2018-01-05,44900.0
2018-01-12,46775.0
2018-01-22,52350.0
2018-01-23,43825.0
2018-01-24,48100.0
2018-01-25,46200.0
2018-01-26,50450.0
2018-01-29,56000.0
2018-01-30,61075.0
2018-01-31,65250.0
2018-02-01,64675.0
2018-02-02,64850.0
2018-02-05,64000.0
2018-02-06,58225.0
2018-02-07,55050.0
2018-02-08,50475.0
2018-02-09,43200.0
2018-02-12,43850.0
2018-02-13,50675.0
2018-02-14,50525.0
2018-02-15,50475.0
2018-02-16,48325.0
2018-02-19,47525.0
2018-02-20,46800.0
2018-02-21,47200.0
2018-02-22,54800.0
2018-02-23,51575.0
2018-02-26,53850.0
2018-02-27,52000.0
2018-02-28,53400.0
2018-03-01,50600.0
2018-03-02,48500.0
2018-03-05,44300.0
2018-03-06,42125.0
2018-03-07,40600.0
2018-03-08,36500.0
2018-03-09,41525.0
2018-03-12,44050.0
2018-03-13,43250.0
2018-03-14,43700.0
2018-03-15,45250.0
2018-03-16,42325.0
2018-03-19,41375.0
2018-03-20,40425.0
2018-03-21,35100.0
2018-03-22,38375.0
2018-03-23,45275.0
2018-03-26,48925.0
2018-03-27,45175.0
2018-03-28,45400.0
2018-03-29,52675.0
2018-04-03,63500.0
2018-04-04,65300.0
2018-04-05,67125.0
2018-04-06,64800.0
2018-04-09,68300.0
2018-04-10,68100.0
2018-04-11,64800.0
2018-04-12,61075.0
2018-04-13,55675.0
2018-04-16,49500.0
2018-04-17,44575.0
2018-04-18,37000.0
2018-04-19,32175.0
2018-04-20,46475.0
2018-04-23,65150.0
2018-04-24,82100.0
2018-04-25,92600.0
2018-04-26,87700.0
2018-04-27,89425.0
2018-04-30,86625.0
2018-05-01,83375.0
2018-05-02,82075.0
2018-05-03,74700.0
2018-05-04,69625.0
2018-05-08,62650.0
2018-05-09,52875.0
2018-05-10,54500.0
2018-05-11,51125.0
2018-05-14,51375.0
2018-05-15,50050.0
2018-05-16,47850.0
2018-05-17,51950.0
2018-05-18,54325.0
2018-05-21,62650.0
2018-05-22,65900.0
2018-05-23,71700.0
2018-05-24,93725.0
2018-05-25,87150.0
2018-05-29,96025.0
2018-05-30,92175.0
2018-05-31,84850.0
2018-06-01,86650.0
2018-06-04,84650.0
2018-06-05,79075.0
2018-06-06,76100.0
2018-06-07,72925.0
2018-06-08,70850.0
2018-06-11,61925.0
2018-06-12,56075.0
2018-06-13,53225.0
2018-06-14,51825.0
2018-06-15,49950.0
2018-06-18,47900.0
2018-06-19,45775.0
2018-06-20,44400.0
2018-06-21,55300.0
2018-06-22,64075.0
2018-06-25,70925.0
2018-06-26,68500.0
2018-06-27,68025.0
2018-06-28,65050.0
2018-06-29,69675.0
2018-07-02,70200.0
2018-07-03,66225.0
2018-07-04,61675.0
2018-07-05,57725.0
2018-07-06,54500.0
2018-07-09,51725.0
2018-07-10,49325.0
2018-07-11,43850.0
2018-07-12,40725.0
2018-07-13,36775.0
2018-07-16,35400.0
2018-07-17,33750.0
2018-07-18,31325.0
2018-07-19,30450.0
2018-07-20,30100.0
2018-07-23,32600.0
2018-07-24,32700.0
2018-07-25,30975.0
2018-07-26,31325.0
2018-07-27,32450.0
2018-07-30,32200.0
2018-07-31,30350.0
2018-08-01,26900.0
2018-08-02,26400.0
2018-08-03,25375.0
2018-08-06,24650.0
2018-08-07,25750.0
2018-08-08,25575.0
2018-08-09,24700.0
2018-08-10,24725.0
2018-08-13,25100.0
2018-08-14,25350.0
2018-08-15,24950.0
2018-08-16,24725.0
2018-08-17,24525.0
2018-08-20,36050.0
2018-08-21,54050.0
2018-08-22,67175.0
2018-08-23,84150.0
2018-08-24,103150.0
2018-08-28,132200.0
2018-08-29,132575.0
2018-08-30,137350.0
2018-08-31,140425.0
2018-09-03,135350.0
2018-09-04,132600.0
2018-09-05,125625.0
2018-09-06,107750.0
2018-09-07,98725.0
2018-09-10,90550.0
2018-09-11,90975.0
2018-09-12,90575.0
2018-09-13,82600.0
2018-09-14,80500.0
2018-09-17,76525.0
2018-09-18,68750.0
2018-09-19,64850.0
2018-09-20,68050.0
2018-09-21,66425.0
2018-09-24,69700.0
2018-09-25,87025.0
2018-09-26,91175.0
2018-09-27,102400.0
2018-09-28,98850.0
2018-10-01,107225.0
2018-10-02,114775.0
2018-10-03,110075.0
2018-10-04,104950.0
2018-10-05,99425.0
2018-10-08,99275.0
2018-10-09,95150.0
2018-10-10,92600.0
2018-10-11,88800.0
2018-10-12,83250.0
2018-10-15,75875.0
2018-10-16,75700.0
2018-10-17,72475.0
2018-10-18,73350.0
2018-10-19,69000.0
2018-10-22,67500.0
2018-10-23,64375.0
2018-10-24,70450.0
2018-10-25,76950.0
2018-10-26,80000.0
2018-10-29,76775.0
2018-10-30,76725.0
2018-10-31,80975.0
2018-11-01,79025.0
2018-11-02,77775.0
2018-11-05,77425.0
2018-11-06,74100.0
2018-11-07,80025.0
2018-11-08,85925.0
2018-11-09,86375.0
2018-11-12,92725.0
2018-11-13,86650.0
2018-11-14,83250.0
2018-11-15,71500.0
2018-11-16,67325.0
2018-11-19,57475.0
2018-11-20,50500.0
2018-11-21,46025.0
2018-11-22,43575.0
2018-11-23,41800.0
2018-11-26,47300.0
2018-11-27,53250.0
2018-11-28,57575.0
2018-11-29,56450.0
2018-11-30,52700.0
2018-12-03,42350.0
2018-12-04,34100.0
2018-12-05,30025.0
2018-12-06,26825.0
2018-12-07,24025.0
2018-12-10,21150.0
2018-12-11,19575.0
2018-12-12,18675.0
2018-12-13,16875.0
2018-12-14,16600.0
2018-12-17,16600.0
2018-12-18,16600.0
2018-12-19,16275.0
2018-12-20,16250.0
2018-12-21,16225.0
2018-12-24,16425.0
2018-12-27,16575.0
2018-12-28,16375.0
2019-01-03,16125.0
2019-01-04,16475.0
2019-01-07,16425.0
2019-01-08,16425.0
2019-01-09,16275.0
2019-01-10,16250.0
2019-01-11,15400.0
2019-01-14,15275.0
2019-01-15,15175.0
2019-01-16,15100.0
2019-01-17,14700.0
2019-01-18,14575.0
2019-01-21,14825.0
2019-01-22,15525.0
2019-01-23,15500.0
2019-01-24,19075.0
2019-01-25,18975.0
2019-01-28,18950.0
2019-01-29,31650.0
2019-01-30,44150.0
2019-01-31,44125.0
2019-02-01,43950.0
2019-02-04,43900.0
2019-02-05,43850.0
2019-02-06,56725.0
2019-02-07,61675.0
2019-02-08,61475.0
2019-02-11,74725.0
2019-02-12,74250.0
2019-02-13,73150.0
2019-02-14,70550.0
2019-02-15,68575.0
2019-02-18,66325.0
2019-02-19,63525.0
2019-02-20,63225.0
2019-02-21,61675.0
2019-02-22,94025.0
2019-02-25,99000.0
2019-02-26,103300.0
2019-02-27,107275.0
2019-02-28,106875.0
2019-03-01,103900.0
2019-03-04,96600.0
2019-03-05,91775.0
2019-03-06,89425.0
2019-03-07,87375.0
2019-03-08,82900.0
2019-03-11,79350.0
2019-03-12,76700.0
2019-03-13,80350.0
2019-03-14,78300.0
2019-03-15,75300.0
2019-03-18,45575.0
2019-03-19,42500.0
2019-03-20,39975.0
2019-03-21,37100.0
2019-03-22,34675.0
2019-03-25,31325.0
2019-03-26,29625.0
2019-03-27,27825.0
2019-03-28,28050.0
2019-03-29,26575.0
2019-04-01,25250.0
2019-04-02,24050.0
2019-04-03,23225.0
2019-04-04,22525.0
2019-04-05,21650.0
2019-04-08,21250.0
2019-04-09,20400.0
2019-04-10,19150.0
2019-04-11,16150.0
2019-04-12,14550.0
2019-04-15,13425.0
2019-04-16,8350.0
2019-04-17,7800.0
2019-04-18,6300.0
2019-04-23,14175.0
2019-04-24,19400.0
2019-04-25,27600.0
2019-04-26,34675.0
2019-04-29,41850.0
2019-04-30,46775.0
2019-05-01,52350.0
2019-05-02,61950.0
2019-05-03,63900.0
2019-05-07,61375.0
2019-05-08,53625.0
2019-05-09,45000.0
2019-05-10,37750.0
2019-05-13,30100.0
2019-05-14,25025.0
2019-05-15,20200.0
2019-05-16,16975.0
2019-05-17,15800.0
2019-05-20,13825.0
2019-05-21,13500.0
2019-05-22,13250.0
2019-05-23,12600.0
2019-05-24,12050.0
2019-05-28,12000.0
2019-05-29,11050.0
2019-05-30,13825.0
2019-05-31,18625.0
2019-06-03,18775.0
2019-06-04,18750.0
2019-06-05,18650.0
2019-06-06,18250.0
2019-06-07,18175.0
2019-06-10,19475.0
2019-06-11,19350.0
2019-06-12,21475.0
2019-06-13,20925.0
2019-06-14,19875.0
2019-06-17,18850.0
2019-06-18,18100.0
2019-06-19,15050.0
2019-06-20,16175.0
2019-06-21,16675.0
2019-06-24,15650.0
2019-06-25,19700.0
2019-06-26,22875.0
2019-06-27,35625.0
2019-06-28,39475.0
2019-07-01,45600.0
2019-07-02,52375.0
2019-07-03,52025.0
2019-07-04,55725.0
2019-07-05,47850.0
2019-07-08,43175.0
2019-07-09,35300.0
2019-07-10,32200.0
2019-07-11,28975.0
2019-07-12,29775.0
2019-07-15,27200.0
2019-07-16,25400.0
2019-07-17,23575.0
2019-07-18,23650.0
2019-07-19,22075.0
2019-07-22,28975.0
2019-07-23,34425.0
2019-07-24,38750.0
2019-07-25,41750.0
2019-07-26,40400.0
2019-07-29,39225.0
2019-07-30,37575.0
2019-07-31,35675.0
2019-08-01,31825.0
2019-08-02,30475.0
2019-08-05,26950.0
2019-08-06,28675.0
2019-08-07,27325.0
2019-08-08,25900.0
2019-08-09,26400.0
2019-08-12,29725.0
2019-08-13,29550.0
2019-08-14,30075.0
2019-08-15,27300.0
2019-08-16,27275.0
2019-08-19,31125.0
2019-08-20,31475.0
2019-08-21,30675.0
2019-08-22,34050.0
2019-08-23,42950.0
2019-08-27,59025.0
2019-08-28,73675.0
2019-08-29,95425.0
2019-08-30,91700.0
2019-09-02,101275.0
2019-09-03,117900.0
2019-09-04,113900.0
2019-09-05,109025.0
2019-09-06,105925.0
2019-09-09,91650.0
2019-09-10,82050.0
2019-09-11,76825.0
2019-09-12,71400.0
2019-09-13,68275.0
2019-09-16,67950.0
2019-09-17,64350.0
2019-09-18,60825.0
2019-09-19,61900.0
2019-09-20,59500.0
2019-09-23,72100.0
2019-09-24,90350.0
2019-09-25,92900.0
2019-09-26,108675.0
2019-09-27,104025.0
2019-09-30,99550.0
2019-10-01,101000.0
2019-10-02,98400.0
2019-10-03,94825.0
2019-10-04,93550.0
2019-10-07,91400.0
2019-10-08,86875.0
2019-10-09,86650.0
2019-10-10,83425.0
2019-10-11,79075.0
2019-10-14,78175.0
2019-10-15,71050.0
2019-10-16,63700.0
2019-10-17,60575.0
2019-10-18,74975.0
2019-10-21,87625.0
2019-10-22,80825.0
2019-10-23,110925.0
2019-10-24,116650.0
2019-10-25,112525.0
2019-10-28,107150.0
2019-10-29,102800.0
2019-10-30,97325.0
2019-10-31,92675.0
2019-11-01,84300.0
2019-11-04,79975.0
2019-11-05,76300.0
2019-11-06,69225.0
2019-11-07,65750.0
2019-11-08,60825.0
2019-11-11,56825.0
2019-11-12,51900.0
2019-11-13,46975.0
2019-11-14,42075.0
2019-11-15,38250.0
2019-11-18,34925.0
2019-11-19,32150.0
2019-11-20,30750.0
2019-11-21,28625.0
2019-11-22,54100.0
2019-11-25,88250.0
2019-11-26,86825.0
2019-11-27,85900.0
2019-11-28,84400.0
2019-11-29,82825.0
2019-12-02,88525.0
2019-12-03,91250.0
2019-12-04,88950.0
2019-12-05,84825.0
2019-12-06,80400.0
2019-12-09,76925.0
2019-12-10,70250.0
2019-12-11,66750.0
2019-12-12,59675.0
2019-12-13,54800.0
2019-12-16,50275.0
2019-12-17,44725.0
2019-12-18,39600.0
2019-12-19,38825.0
2019-12-20,44100.0
2019-12-23,40750.0
2019-12-24,43675.0
2019-12-27,47850.0
2019-12-30,47125.0
2020-01-03,44925.0
2020-01-06,43650.0
2020-01-07,41675.0
2020-01-08,39400.0
2020-01-09,36825.0
2020-01-10,34075.0
2020-01-13,31375.0
2020-01-14,34150.0
2020-01-15,33175.0
2020-01-16,39250.0
2020-01-17,37875.0
2020-01-20,36850.0
2020-01-21,34925.0
2020-01-22,33125.0
2020-01-23,27475.0
2020-01-24,23900.0
2020-01-27,30450.0
2020-01-28,28500.0
2020-01-29,28425.0
2020-01-30,34350.0
2020-01-31,32800.0
2020-02-03,32450.0
2020-02-04,31850.0
2020-02-05,32800.0
2020-02-06,40775.0
2020-02-07,37500.0
2020-02-10,36275.0
2020-02-11,34275.0
2020-02-12,31700.0
2020-02-13,29075.0
2020-02-14,27300.0
2020-02-17,35825.0
2020-02-18,33325.0
2020-02-19,31650.0
2020-02-20,33850.0
2020-02-21,46625.0
2020-02-24,44975.0
2020-02-25,44400.0
2020-02-26,43675.0
2020-02-27,43400.0
2020-02-28,42950.0
2020-03-02,44175.0
2020-03-03,55000.0
2020-03-04,63375.0
2020-03-05,60125.0
2020-03-06,58650.0
2020-03-09,52525.0
2020-03-10,49475.0
2020-03-11,46925.0
2020-03-12,44725.0
2020-03-13,42125.0
2020-03-16,49050.0
2020-03-17,46750.0
2020-03-18,44575.0
2020-03-19,42575.0
2020-03-20,44700.0
2020-03-23,50900.0
2020-03-24,49775.0
2020-03-25,48750.0
2020-03-26,47850.0
2020-03-27,46700.0
2020-03-30,45825.0
2020-03-31,44975.0
2020-04-01,43950.0
2020-04-02,42675.0
2020-04-03,41475.0
2020-04-06,40875.0
2020-04-07,41400.0
2020-04-08,40775.0
2020-04-09,40500.0
2020-04-14,42550.0
2020-04-15,44400.0
2020-04-16,38500.0
2020-04-17,36825.0
2020-04-20,39400.0
2020-04-21,39725.0
2020-04-22,41200.0
2020-04-23,45600.0
2020-04-24,53350.0
2020-04-27,55350.0
2020-04-28,60325.0
2020-04-29,59200.0
2020-04-30,55950.0
2020-05-01,60325.0
2020-05-05,53000.0
2020-05-06,54650.0
2020-05-11,54650.0
2020-05-15,28825.0
2020-05-18,25800.0
2020-05-19,22500.0
2020-05-20,22800.0
2020-05-21,43725.0
2020-05-22,52150.0
2020-05-26,51225.0
2020-05-27,44800.0
2020-05-28,61500.0
2020-05-29,75725.0
2020-06-01,69600.0
2020-06-02,69000.0
2020-06-03,67075.0
2020-06-04,83100.0
2020-06-05,84450.0
2020-06-08,79675.0
2020-06-09,92825.0
2020-06-10,103250.0
2020-06-11,101000.0
2020-06-12,109225.0
2020-06-15,105500.0
2020-06-16,98125.0
2020-06-17,94550.0
2020-06-18,105350.0
2020-06-19,108725.0
2020-06-22,108550.0
2020-06-23,107325.0
2020-06-24,109250.0
2020-06-25,111800.0
2020-06-26,106375.0
2020-06-29,106750.0
2020-06-30,104950.0
2020-07-01,102600.0
2020-07-02,99975.0
2020-07-03,95650.0
2020-07-06,91750.0
2020-07-07,92025.0
2020-07-08,93225.0
2020-07-09,90400.0
2020-07-10,92475.0
2020-07-13,87825.0
2020-07-14,79250.0
2020-07-15,65100.0
2020-07-16,60950.0
2020-07-17,63450.0
2020-07-20,62775.0
2020-07-21,66700.0
2020-07-22,80400.0
2020-07-23,87850.0
2020-07-24,89725.0
2020-07-27,89425.0
2020-07-28,89175.0
2020-07-29,86625.0
2020-07-30,83725.0
2020-07-31,80225.0
2020-08-03,78275.0
2020-08-04,74500.0
2020-08-05,72975.0
2020-08-06,72025.0
2020-08-07,68900.0
2020-08-10,68250.0
2020-08-11,65250.0
2020-08-12,63800.0
2020-08-13,61250.0
2020-08-14,59075.0
2020-08-17,59750.0
2020-08-18,56800.0
2020-08-19,55600.0
2020-08-20,52575.0
2020-08-21,50550.0
2020-08-24,44650.0
2020-08-25,41000.0
2020-08-26,41700.0
2020-08-27,44450.0
2020-08-28,48025.0
2020-09-01,47525.0
2020-09-02,44250.0
2020-09-03,40350.0
2020-09-04,37625.0
2020-09-07,30725.0
2020-09-08,28325.0
2020-09-09,24975.0
2020-09-10,26075.0
2020-09-11,36625.0
2020-09-14,38325.0
2020-09-15,32600.0
2020-09-16,31900.0
2020-09-17,32050.0
2020-09-18,33450.0
2020-09-21,43950.0
2020-09-22,49525.0
2020-09-23,48450.0
2020-09-24,47500.0
2020-09-25,44800.0
2020-09-28,42725.0
2020-09-29,41800.0
2020-09-30,40375.0
2020-10-01,37500.0
2020-10-02,36350.0
2020-10-05,35250.0
2020-10-06,31000.0
2020-10-07,30525.0
2020-10-08,30125.0
2020-10-09,29200.0
2020-10-12,39900.0
2020-10-13,51525.0
2020-10-14,48000.0
2020-10-15,58075.0
2020-10-16,67050.0
2020-10-19,66200.0
2020-10-20,65075.0
2020-10-21,63875.0
2020-10-22,63350.0
2020-10-23,61825.0
2020-10-26,60200.0
2020-10-27,57650.0
2020-10-28,56000.0
2020-10-29,53775.0
2020-10-30,52350.0
2020-11-02,50750.0
2020-11-03,49550.0
2020-11-04,48500.0
2020-11-05,45550.0
2020-11-06,43950.0
2020-11-09,42325.0
2020-11-10,40775.0
2020-11-11,39025.0
2020-11-12,37300.0
2020-11-13,36300.0
2020-11-16,33725.0
2020-11-17,32650.0
2020-11-18,36250.0
2020-11-19,41000.0
2020-11-20,44825.0
2020-11-23,43700.0
2020-11-24,49825.0
2020-11-25,50150.0
2020-11-26,49600.0
2020-11-27,48250.0
2020-11-30,47425.0
2020-12-01,48350.0
2020-12-02,48375.0
2020-12-03,58075.0
2020-12-04,57775.0
2020-12-07,62175.0
2020-12-08,66575.0
2020-12-09,69925.0
2020-12-10,68525.0
2020-12-11,67025.0
2020-12-14,64975.0
2020-12-15,62000.0
2020-12-16,56750.0
2020-12-17,56150.0
2020-12-18,51325.0
2020-12-21,48675.0
2020-12-23,43100.0
2020-12-24,39925.0
2020-12-29,37800.0
2020-12-30,34700.0
2021-01-05,29550.0
2021-01-06,28150.0
2021-01-07,34050.0
2021-01-08,36525.0
2021-01-11,38000.0
2021-01-12,36850.0
2021-01-13,37000.0
2021-01-14,39675.0
2021-01-15,42825.0
2021-01-18,43275.0
2021-01-19,41725.0
2021-01-20,39350.0
2021-01-21,36550.0
2021-01-22,33125.0
2021-01-25,27525.0
2021-01-26,25675.0
2021-01-27,23625.0
2021-01-28,25175.0
2021-01-29,23400.0
2021-02-01,24625.0
2021-02-02,24825.0
2021-02-03,25075.0
2021-02-04,24675.0
2021-02-05,24275.0
2021-02-08,22875.0
2021-02-09,21625.0
2021-02-10,21650.0
2021-02-11,23925.0
2021-02-12,24175.0
2021-02-15,23725.0
2021-02-16,23200.0
2021-02-17,22650.0
2021-02-18,23300.0
2021-02-19,29250.0
2021-02-22,28250.0
2021-02-23,26800.0
2021-02-24,25150.0
2021-02-25,23525.0
2021-02-26,21175.0
2021-03-01,19150.0
2021-03-02,21600.0
2021-03-03,20700.0
2021-03-04,19950.0
2021-03-05,19100.0
2021-03-08,18325.0
2021-03-09,17950.0
2021-03-10,16925.0
2021-03-11,18700.0
2021-03-12,17275.0
2021-03-15,16475.0
2021-03-16,15600.0
2021-03-17,14950.0
2021-03-18,13450.0
2021-03-19,36975.0
2021-03-22,36800.0
2021-03-23,36400.0
2021-03-24,35875.0
2021-03-25,35600.0
2021-03-26,37850.0
2021-03-29,37550.0
2021-03-30,38225.0
2021-03-31,37675.0
2021-04-01,35400.0
2021-04-06,50050.0
2021-04-07,53950.0
2021-04-08,57825.0
2021-04-09,62325.0
2021-04-12,66575.0
2021-04-13,69100.0
2021-04-14,68400.0
2021-04-15,70850.0
2021-04-16,63500.0
2021-04-19,66175.0
2021-04-20,68475.0
2021-04-21,76850.0
2021-04-22,81375.0
2021-04-23,83150.0
2021-04-26,82475.0
2021-04-27,82000.0
2021-04-28,76375.0
2021-04-29,74725.0
2021-04-30,69525.0
2021-05-04,63200.0
2021-05-05,58075.0
2021-05-06,56050.0
2021-05-07,52025.0
2021-05-10,48600.0
2021-05-11,44275.0
2021-05-12,41700.0
2021-05-13,37900.0
2021-05-14,37000.0
2021-05-17,35500.0
2021-05-18,34800.0
2021-05-19,30250.0
2021-05-20,28975.0
2021-05-21,28350.0
2021-05-24,27875.0
2021-05-25,27875.0
2021-05-26,26675.0
2021-05-27,25725.0
2021-05-28,24400.0
2021-06-01,22725.0
2021-06-02,22375.0
2021-06-03,21975.0
2021-06-04,18675.0
2021-06-07,16325.0
2021-06-08,15975.0
2021-06-09,15400.0
2021-06-10,14600.0
2021-06-11,13000.0
2021-06-14,12300.0
2021-06-15,11650.0
2021-06-16,11700.0
2021-06-17,11625.0
2021-06-18,11425.0
2021-06-21,5000.0
2021-06-22,7250.0
2021-06-23,7675.0
2021-06-24,7775.0
2021-06-25,7100.0
2021-06-28,12550.0
2021-06-29,13325.0
2021-06-30,13250.0
2021-07-01,20800.0
2021-07-02,20875.0
2021-07-05,20750.0
2021-07-06,20600.0
2021-07-07,20900.0
2021-07-08,20400.0
2021-07-09,19900.0
2021-07-12,18300.0
2021-07-13,17000.0
2021-07-14,16025.0
2021-07-15,15050.0
2021-07-16,14050.0
2021-07-19,14075.0
2021-07-20,12925.0
2021-07-21,11700.0
2021-07-22,13475.0
2021-07-23,18200.0
2021-07-26,19425.0
2021-07-27,20775.0
2021-07-28,20775.0
2021-07-29,19450.0
2021-07-30,19800.0
2021-08-02,18800.0
2021-08-03,17650.0
2021-08-04,16875.0
2021-08-05,15950.0
2021-08-06,15300.0
2021-08-09,14700.0
2021-08-10,13875.0
2021-08-11,13100.0
2021-08-12,13075.0
2021-08-13,13050.0
2021-08-16,13100.0
2021-08-17,13175.0
2021-08-18,12625.0
2021-08-19,12625.0
2021-08-20,12725.0
2021-08-23,57050.0
2021-08-24,66025.0
2021-08-25,76175.0
2021-08-26,84500.0
2021-08-27,100175.0
2021-08-31,98950.0
2021-09-01,100250.0
2021-09-02,99425.0
2021-09-03,99750.0
2021-09-06,98225.0
2021-09-07,90075.0
2022-03-10,19375.0
2022-03-11,18850.0
2022-03-14,18750.0
2022-03-15,18400.0
2022-03-16,18750.0
2022-03-17,18750.0
2022-03-18,23500.0
2022-03-21,16175.0
2022-03-22,15125.0
2022-03-23,15000.0
2022-03-24,13850.0
2022-03-25,17450.0
2022-03-28,20350.0
2022-03-29,20275.0
2022-03-30,20100.0
2022-03-31,25200.0
2022-04-01,24100.0
2022-04-04,24950.0
2022-04-05,31050.0
2022-04-06,40000.0
2022-04-07,50000.0
2022-04-08,47025.0
2022-04-11,45175.0
2022-04-12,46325.0
2022-04-13,44950.0
2022-04-14,43375.0
2022-04-19,46325.0
2022-04-20,42500.0
2022-04-21,42375.0
2022-04-22,41700.0
2022-04-25,41100.0
2022-04-26,39100.0
2022-04-27,43950.0
2022-04-28,48750.0
2022-04-29,54025.0
2022-05-03,53900.0
2022-05-04,52150.0
2022-05-05,51000.0
2022-05-06,50250.0
2022-05-09,53375.0
2022-05-10,54175.0
2022-05-11,60600.0
2022-05-12,67300.0
2022-05-13,72025.0
2022-05-16,74475.0
2022-05-17,77875.0
2022-05-18,79100.0
2022-05-19,81200.0
2022-05-20,81425.0
2022-05-23,80125.0
2022-05-24,77975.0
2022-05-25,73900.0
2022-05-26,68175.0
2022-05-27,62925.0
2022-05-30,61350.0
2022-05-31,54200.0
2022-06-01,49650.0
2022-06-07,28850.0
2022-06-08,25375.0
2022-06-09,23350.0
2022-06-10,23375.0
2022-06-13,22075.0
2022-06-14,21300.0
2022-06-15,20725.0
2022-06-16,20200.0
2022-06-17,17225.0
2022-06-20,16225.0
2022-06-21,13500.0
2022-06-22,17525.0
2022-06-23,17200.0
2022-06-24,16750.0
2022-06-27,15500.0
2022-06-28,15475.0
2022-06-29,13775.0
2022-06-30,13175.0
2022-07-01,11525.0
2022-07-04,15750.0
2022-07-05,15200.0
2022-07-06,16575.0
2022-07-07,17625.0
2022-07-08,17475.0
2022-07-11,18075.0
2022-07-12,18400.0
2022-07-13,17825.0
2022-07-14,17975.0
2022-07-15,18525.0
2022-07-18,20375.0
2022-07-19,22625.0
2022-07-20,28750.0
2022-07-21,27400.0
2022-07-22,26825.0
2022-07-25,26050.0
2022-07-26,24725.0
2022-07-27,24275.0
2022-07-28,24975.0
2022-07-29,24600.0
2022-08-01,23600.0
2022-08-02,23000.0
2022-08-03,27725.0
2022-08-04,30825.0
2022-08-05,34700.0
2022-08-08,34400.0
2022-08-09,35975.0
2022-08-10,35475.0
2022-08-12,42975.0
2022-08-15,41450.0
2022-08-16,40375.0
2022-08-17,39650.0
2022-08-18,36850.0
2022-08-19,41900.0
2022-08-22,49125.0
2022-08-23,50125.0
2022-08-24,50525.0
2022-08-25,52375.0
2022-08-26,57925.0
2022-08-30,60200.0
2022-08-31,56700.0
2022-09-01,52525.0
2022-09-02,47150.0
2022-09-05,42425.0
2022-09-06,39975.0
2022-09-07,37275.0
2022-09-08,34950.0
2022-09-09,30850.0
2022-09-12,29275.0
2022-09-13,26300.0
2022-09-14,24575.0
2022-09-15,14400.0
2022-09-16,12875.0
2022-09-19,12500.0
2022-09-20,12225.0
2022-09-21,11875.0
2022-09-22,9075.0
2022-09-23,8850.0
2022-09-26,8800.0
2022-09-27,8800.0
2022-09-28,8675.0
2022-09-29,8375.0
2022-09-30,8100.0
2022-10-03,7900.0
2022-10-04,7700.0
2022-10-05,7150.0
2022-10-06,6900.0
2022-10-07,6875.0
2022-10-10,12075.0
2022-10-11,17300.0
2022-10-12,26475.0
2022-10-13,35275.0
2022-10-14,46800.0
2022-10-17,54375.0
2022-10-18,68450.0
2022-10-19,66050.0
2022-10-20,62625.0
2022-10-21,68350.0
2022-10-24,72375.0
2022-10-25,76400.0
2022-10-26,73725.0
2022-10-27,83300.0
2022-10-28,77075.0
2022-10-31,70375.0
2022-11-01,62775.0
2022-11-02,59375.0
2022-11-03,51125.0
2022-11-04,46050.0
2022-11-07,39050.0
2022-11-08,37575.0
2022-11-09,41850.0
2022-11-10,41200.0
2022-11-11,38850.0
2022-11-14,24600.0
2022-11-15,22175.0
2022-11-16,20625.0
2022-11-17,19650.0
2022-11-18,19850.0
2022-11-21,19050.0
2022-11-22,18675.0
2022-11-23,15400.0
2022-11-24,14125.0
2022-11-25,13525.0
2022-11-28,14550.0
2022-11-29,19125.0
2022-11-30,19125.0
2022-12-01,20400.0
2022-12-02,19825.0
2022-12-05,19100.0
2022-12-06,19350.0
2022-12-07,23625.0
2022-12-08,28750.0
2022-12-09,26800.0
2022-12-12,26675.0
2022-12-13,24150.0
2022-12-14,22725.0
2022-12-15,20750.0
2022-12-16,19625.0
2022-12-19,18650.0
2022-12-20,18500.0
2022-12-21,16800.0
2022-12-22,14925.0
2022-12-23,13225.0
2022-12-28,12675.0
2022-12-29,12475.0
2022-12-30,11850.0
2023-01-03,11475.0
2023-01-04,10675.0
2023-01-05,11875.0
2023-01-06,12500.0
2023-01-09,13300.0
2023-01-10,14925.0
2023-01-11,15950.0
2023-01-12,17550.0
2023-01-13,19200.0
2023-01-16,22625.0
2023-01-17,26000.0
2023-01-18,28350.0
2023-01-19,30225.0
2023-01-20,30825.0
2023-01-23,29100.0
2023-01-24,28700.0
2023-01-25,27550.0
2023-01-26,26350.0
2023-01-27,23400.0
2023-01-30,21725.0
2023-01-31,21075.0
2023-02-01,19425.0
2023-02-02,17300.0
2023-02-03,14850.0
2023-02-06,12075.0
2023-02-07,10625.0
2023-02-08,9250.0
2023-02-09,7625.0
2023-02-10,6250.0
2023-02-13,7775.0
2023-02-14,11100.0
2023-02-15,10275.0
2023-02-16,9275.0
2023-02-17,8825.0
2023-02-20,13700.0
2023-02-21,18225.0
2023-02-22,17575.0
2023-02-23,16650.0
2023-02-24,15250.0
2023-02-27,19450.0
2023-02-28,24275.0
2023-03-01,25900.0
2023-03-02,23425.0
2023-03-03,22250.0
2023-03-06,21500.0
2023-03-07,20475.0
2023-03-08,22450.0
2023-03-09,25475.0
2023-03-10,27825.0
2023-03-13,26300.0
2023-03-14,24675.0
2023-03-15,23875.0
2023-03-16,23450.0
2023-03-17,22025.0
2023-03-20,27925.0
2023-03-21,32900.0
2023-03-22,36225.0
2023-03-23,33100.0
2023-03-24,32300.0
2023-03-27,28725.0
2023-03-28,24300.0
2023-03-29,23950.0
2023-03-30,20575.0
2023-03-31,14775.0
2023-04-03,18500.0
2023-04-04,25750.0
2023-04-05,30900.0
2023-04-06,29275.0
2023-04-11,26125.0
2023-04-12,18250.0
2023-04-13,15575.0
2023-04-14,12500.0
2023-04-17,9900.0
2023-04-18,8675.0
2023-04-19,6800.0
2023-04-20,5975.0
2023-04-21,3800.0
2023-04-24,3850.0
2023-04-25,3750.0
2023-04-26,2050.0
2023-04-27,1750.0
2023-04-28,1475.0
2023-05-02,1475.0
2023-05-03,1425.0
2023-05-04,1225.0
2023-05-05,1025.0
2023-05-09,1125.0
2023-05-10,225.0
2023-05-11,225.0
2023-05-12,225.0
2023-05-15,225.0
2023-05-16,125.0
2023-05-17,225.0
2023-05-18,225.0
2023-05-19,125.0
2023-05-22,225.0
2023-05-23,425.0
2023-05-24,325.0
2023-05-25,350.0
2023-05-26,8150.0
2023-05-30,11250.0
2023-05-31,10425.0
2023-06-01,9450.0
2023-06-02,9350.0
2023-06-05,27375.0
2023-06-06,42375.0
2023-06-07,56350.0
2023-06-08,54925.0
2023-06-09,54075.0
2023-06-12,53750.0
2023-06-13,47925.0
2023-06-14,42175.0
2023-06-15,36950.0
2023-06-16,34200.0
2023-06-19,32700.0
2023-06-20,32900.0
2023-06-21,35425.0
2023-06-22,50275.0
2023-06-23,49175.0
2023-06-26,54375.0
2023-06-27,45150.0
2023-06-28,42700.0
2023-06-29,41675.0
2023-06-30,38875.0
2023-07-03,35125.0
2023-07-04,30875.0
2023-07-05,28750.0
2023-07-06,25825.0
2023-07-07,23475.0
2023-07-10,19925.0
2023-07-11,16600.0
2023-07-12,13075.0
2023-07-13,11150.0
2023-07-14,9625.0
2023-07-17,8600.0
2023-07-18,8525.0
2023-07-19,4650.0
2023-07-20,3825.0
2023-07-21,3150.0
2023-07-24,1325.0
2023-07-25,475.0
2023-07-26,400.0
2023-07-27,500.0
2023-07-28,450.0
2023-07-31,450.0
2023-08-01,450.0
2023-08-02,350.0
2023-08-03,450.0
2023-08-04,375.0
2023-08-07,375.0
2023-08-08,350.0
2023-08-09,350.0
2023-08-10,350.0
2023-08-11,350.0
2023-08-14,350.0
2023-08-15,325.0
2023-08-16,475.0
2023-08-17,525.0
2023-08-18,525.0
2023-08-21,575.0
2023-08-22,450.0
2023-08-23,450.0
2023-08-24,450.0
2023-08-25,350.0
2023-08-29,275.0
2023-08-30,250.0
2023-08-31,250.0
2023-09-01,250.0
2023-09-04,250.0
2023-09-05,225.0
2023-09-06,225.0
2023-09-07,200.0
2023-09-08,300.0
2023-09-11,300.0
2023-09-12,300.0
2023-09-13,300.0
2023-09-14,275.0
2023-09-15,275.0
2023-09-18,225.0
2023-09-19,225.0
2023-09-20,225.0
2023-09-21,325.0
2023-09-22,325.0
2023-09-25,325.0
2023-09-26,1575.0
2023-09-27,1575.0
2023-09-28,1550.0
2023-09-29,3050.0
2023-10-02,3025.0
2023-10-03,2125.0
2023-10-04,825.0
2023-10-05,2875.0
2023-10-06,2625.0
2023-10-09,2600.0
2023-10-10,2550.0
2023-10-11,2550.0
2023-10-12,6050.0
2023-10-13,12425.0
2023-10-16,14800.0
2023-10-17,14575.0
2023-10-18,29175.0
2023-10-19,30925.0
2023-10-20,30400.0
2023-10-23,29925.0
2023-10-24,26950.0
2023-10-25,24100.0
2023-10-26,21975.0
2023-10-27,18800.0
2023-10-30,19850.0
2023-10-31,18100.0
2023-11-01,17300.0
2023-11-02,12500.0
2023-11-03,13875.0
2023-11-06,13500.0
2023-11-07,12125.0
2023-11-08,10975.0
2023-11-09,10650.0
2023-11-10,10325.0
2023-11-13,12375.0
2023-11-14,11025.0
2023-11-15,9375.0
2023-11-16,12250.0
2023-11-17,10875.0
2023-11-20,15575.0
2023-11-21,14625.0
2023-11-22,14550.0
2023-11-23,14425.0
2023-11-24,15975.0
2023-11-27,16575.0
2023-11-28,22075.0
2023-11-29,27800.0
2023-11-30,29175.0
2023-12-01,34525.0
2023-12-04,34125.0
2023-12-05,33375.0
2023-12-07,40375.0
2023-12-08,49325.0
2023-12-11,47975.0
2023-12-12,45925.0
2023-12-13,44350.0
2023-12-14,43625.0
2023-12-15,41150.0
2023-12-18,37800.0
2023-12-19,36575.0
2023-12-20,34600.0
2023-12-21,32400.0
2023-12-22,30275.0
2023-12-27,28650.0
2023-12-28,28450.0
2023-12-29,26975.0
2024-01-02,25375.0
2024-01-03,25425.0
2024-01-04,24175.0
2024-01-05,22950.0
2024-01-08,21500.0
2024-01-09,20975.0
2024-01-10,21325.0
2024-01-11,20675.0
2024-01-12,19175.0
2024-01-15,24575.0
2024-01-16,25700.0
2024-01-17,26800.0
2024-01-18,26650.0
2024-01-19,35075.0
2024-01-22,33500.0
2024-01-23,34275.0
2024-01-24,35975.0
2024-01-25,33425.0
2024-01-26,28600.0
2024-01-29,30425.0
2024-01-30,30250.0
2024-01-31,28875.0
2024-02-01,27525.0
2024-02-02,24425.0
2024-02-05,24625.0
2024-02-06,27075.0
2024-02-07,25225.0
2024-02-08,24550.0
2024-02-09,22550.0
2024-02-12,22125.0
2024-02-13,22300.0
2024-02-14,20675.0
2024-02-15,21425.0
2024-02-16,23575.0
2024-02-19,23150.0
2024-02-20,22400.0
2024-02-21,21675.0
2024-02-22,21675.0
2024-02-23,22025.0
2024-02-26,22575.0
2024-02-27,20375.0
2024-02-28,19125.0
2024-02-29,16975.0
2024-03-01,17550.0
2024-03-04,13725.0
2024-03-05,11050.0
2024-03-06,11700.0
2024-03-07,11725.0
2024-03-08,10850.0
2024-03-11,8900.0
2024-03-12,14275.0
2024-03-13,15625.0
2024-03-14,14750.0
2024-03-15,13800.0
2024-03-18,20175.0
2024-03-19,21325.0
2024-03-20,21200.0
2024-03-21,20200.0
2024-03-22,19725.0
2024-03-25,18650.0
2024-03-26,19675.0
2024-03-27,15375.0
2024-03-28,14700.0
2024-04-02,14150.0
2024-04-03,14200.0
2024-04-04,13525.0
2024-04-05,14225.0
2024-04-08,13325.0
2024-04-09,12400.0
2024-04-10,10950.0
2024-04-11,12225.0
2024-04-12,18325.0
2024-04-15,18525.0
2024-04-16,18775.0
2024-04-17,18175.0
2024-04-18,32525.0
2024-04-19,31425.0
2024-04-22,30600.0
2024-04-23,30000.0
2024-04-24,28625.0
2024-04-25,28450.0
2024-04-26,27625.0
2024-04-29,25000.0
2024-04-30,23625.0
2024-05-01,22675.0
2024-05-07,17200.0
2024-05-08,15875.0
2024-05-09,14475.0
2024-05-10,13975.0
2024-05-13,13525.0
2024-05-14,13125.0
2024-05-15,12850.0
2024-05-16,11450.0
2024-05-17,11500.0
2024-05-20,12300.0
2024-05-21,14075.0
2024-05-22,13625.0
2024-05-23,13400.0
2024-05-24,13550.0
2024-05-28,12925.0
2024-05-29,10325.0
2024-05-30,9250.0
2024-05-31,7300.0
2024-06-03,6025.0
2024-06-04,5525.0
2024-06-05,5625.0
2024-06-06,5000.0
2024-06-07,5650.0
2024-06-11,5125.0
2024-06-12,4950.0
2024-06-13,4975.0
2024-06-14,4650.0
2024-06-17,3150.0
2024-06-18,2950.0
2024-06-19,2575.0
2024-06-20,2350.0
2024-06-21,2375.0
2024-06-24,2975.0
2024-06-25,3000.0
2024-06-26,8400.0
2024-06-27,9225.0
2024-06-28,9100.0
2024-07-01,17025.0
2024-07-02,17050.0
2024-07-03,17075.0
2024-07-04,16900.0
2024-07-05,15650.0
2024-07-08,15600.0
2024-07-09,13850.0
2024-07-10,12650.0
2024-07-11,11350.0
2024-07-12,15725.0
2024-07-15,14800.0
2024-07-16,13250.0
2024-07-17,15500.0
2024-07-18,15500.0
2024-07-19,14575.0
2024-07-22,21425.0
2024-07-23,25275.0
2024-07-24,24375.0
2024-07-25,23200.0
2024-07-26,21525.0
2024-07-29,19975.0
2024-07-30,18475.0
2024-07-31,17300.0
2024-08-01,16125.0
2024-08-02,16075.0
2024-08-05,17600.0
2024-08-06,15775.0
2024-08-07,15225.0
2024-08-08,15200.0
2024-08-09,20450.0
2024-08-12,27550.0
2024-08-13,27325.0
2024-08-14,27975.0
2024-08-15,29175.0
2024-08-16,28325.0
2024-08-19,27125.0
2024-08-20,33400.0
2024-08-21,36450.0
2024-08-22,33550.0
2024-08-23,29425.0
2024-08-27,33875.0
2024-08-28,29750.0
2024-08-29,27125.0
2024-08-30,25100.0
2024-09-02,25350.0
2024-09-03,22000.0
2024-09-04,21850.0
2024-09-05,28525.0
2024-09-06,27425.0
2024-09-09,36825.0
2024-09-10,36600.0
2024-09-11,27675.0
2024-09-12,23750.0
2024-09-13,23625.0
2024-09-16,23475.0
2024-09-17,21300.0
2024-09-18,20050.0
2024-09-19,21125.0
2024-09-20,19550.0
2024-09-23,22400.0
2024-09-24,22200.0
2024-09-25,22950.0
2024-09-26,27950.0
2024-09-27,27525.0
2024-09-30,29100.0
2024-10-01,31425.0
2024-10-02,33650.0
2024-10-03,31475.0
2024-10-04,31975.0
2024-10-07,30725.0
2024-10-08,30200.0
2024-10-09,29175.0
2024-10-10,30025.0
2024-10-11,28225.0
2024-10-14,26375.0
2024-10-15,20850.0
2024-10-16,23900.0
2024-10-17,24425.0
2024-10-18,21325.0
2024-10-21,20175.0
2024-10-22,17875.0
2024-10-23,17050.0
2024-10-24,16000.0
2024-10-25,14375.0
2024-10-28,13700.0
2024-10-29,12500.0
2024-10-30,12450.0
2024-10-31,8825.0
2024-11-01,10825.0
2024-11-04,11625.0
2024-11-05,11050.0
2024-11-06,10875.0
2024-11-07,10750.0
2024-11-08,10675.0
2024-11-11,10150.0
2024-11-12,9500.0
2024-11-13,12300.0
2024-11-14,11400.0
2024-11-15,11425.0
2024-11-18,10575.0
2024-11-19,14000.0
2024-11-20,14575.0
2024-11-21,13925.0
2024-11-22,13825.0
2024-11-25,12375.0
2024-11-26,11375.0
2024-11-27,13975.0
2024-11-28,12875.0
2024-11-29,12850.0
2024-12-02,12675.0
2024-12-03,11075.0
2024-12-04,11050.0
2024-12-05,11075.0
2024-12-06,10800.0
2024-12-09,10225.0
2024-12-10,8625.0
2024-12-11,8025.0
2024-12-12,8325.0
2024-12-13,16650.0
2024-12-16,16900.0
2024-12-17,16300.0
2024-12-18,16175.0
2024-12-19,16175.0
2024-12-20,16175.0
2024-12-23,16225.0
2024-12-24,16325.0
2024-12-27,20675.0
2024-12-30,19350.0
2024-12-31,19350.0
2025-01-02,19300.0
2025-01-03,17750.0
2025-01-06,16900.0
2025-01-07,15600.0
2025-01-08,14150.0
2025-01-09,12400.0
2025-01-10,11200.0
2025-01-13,9925.0
2025-01-14,8625.0
2025-01-15,7075.0
2025-01-16,18200.0
2025-01-17,18225.0
2025-01-20,18200.0
2025-01-21,18900.0
2025-01-22,27200.0
2025-01-23,26500.0
2025-01-24,26450.0
2025-01-27,24650.0
2025-01-28,24225.0
2025-01-29,24000.0
2025-01-30,23975.0
2025-01-31,23925.0
2025-02-03,22200.0
2025-02-04,20750.0
2025-02-05,28800.0
2025-02-06,26000.0
2025-02-07,23775.0
2025-02-10,28650.0
2025-02-11,30625.0
2025-02-12,30225.0
2025-02-13,27325.0
2025-02-14,27700.0
2025-02-17,19300.0
2025-02-18,14850.0
2025-02-19,12575.0
2025-02-20,10325.0
2025-02-21,51850.0
2025-02-24,84400.0
2025-02-25,95725.0
2025-02-26,103800.0
2025-02-27,102425.0
2025-02-28,101850.0
2025-03-03,101275.0
2025-03-04,102825.0
2025-03-05,111850.0
2025-03-06,109500.0
2025-03-07,108725.0
2025-03-10,105450.0
2025-03-11,107875.0
2025-03-12,105500.0
2025-03-13,114150.0
2025-03-14,110550.0
2025-03-17,107825.0
2025-03-18,104725.0
2025-03-19,102950.0
2025-03-20,101150.0
2025-03-21,106825.0
2025-03-24,111275.0
2025-03-25,108050.0
2025-03-26,105750.0
2025-03-27,103575.0
2025-03-28,106525.0
2025-03-31,104475.0
2025-04-01,101425.0
2025-04-02,98475.0
2025-04-03,94925.0
2025-04-04,94275.0
2025-04-07,93700.0
2025-04-08,92900.0
2025-04-09,89875.0
2025-04-10,89425.0
2025-04-11,88125.0
2025-04-14,91575.0
2025-04-15,93100.0
2025-04-16,91525.0
2025-04-17,88150.0
2025-04-22,85450.0
2025-04-23,77825.0
2025-04-24,76050.0
2025-04-25,77250.0
2025-04-28,70775.0
2025-04-29,71500.0
2025-04-30,71050.0
2025-05-01,68500.0
2025-05-02,88575.0
2025-05-06,86950.0
2025-05-07,86125.0
2025-05-08,84025.0
2025-05-09,82625.0
2025-05-12,82200.0
2025-05-13,81275.0
2025-05-14,77650.0
2025-05-15,76725.0
2025-05-16,71900.0
2025-05-19,67550.0
2025-05-20,66450.0
2025-05-21,66000.0
2025-05-22,68650.0
2025-05-23,72075.0
2025-05-27,76350.0
2025-05-28,71175.0
2025-05-29,74450.0
2025-05-30,74850.0
2025-06-02,75925.0
2025-06-03,74375.0
2025-06-04,75025.0
2025-06-05,83300.0
2025-06-06,77800.0
2025-06-09,67800.0
2025-06-10,71725.0
2025-06-11,70700.0
2025-06-12,68125.0
2025-06-13,63625.0
2025-06-16,56325.0
2025-06-17,54600.0
2025-06-18,53175.0
2025-06-19,49100.0
2025-06-20,44800.0
2025-06-23,41450.0
2025-06-24,40150.0
2025-06-25,37225.0
2025-06-26,36450.0
2025-06-27,33625.0
2025-06-30,32925.0
2025-07-01,31975.0
2025-07-02,31900.0
2025-07-03,31900.0
2025-07-04,33950.0
2025-07-07,36875.0
2025-07-08,37100.0
2025-07-09,38250.0
2025-07-10,40950.0
2025-07-11,40975.0
2025-07-14,15875.0
2025-07-15,12625.0
2025-07-16,12325.0
2025-07-17,11200.0
2025-07-18,14075.0
2025-07-21,12575.0
2025-07-22,12250.0
2025-07-23,17525.0
2025-07-24,19850.0
2025-07-25,18850.0
2025-07-28,17275.0
2025-07-29,19400.0
2025-07-30,19375.0
2025-07-31,16975.0
2025-08-01,14275.0
2025-08-04,12075.0
2025-08-05,12000.0
2025-08-06,10925.0
2025-08-07,11125.0
2025-08-08,11075.0
2025-08-11,11975.0
2025-08-12,11600.0
2025-08-13,11550.0
2025-08-14,11050.0
2025-08-15,11525.0
2025-08-18,11375.0
2025-08-19,11250.0
2025-08-20,10750.0
2025-08-21,11350.0
2025-08-22,12525.0
2025-08-26,11750.0
2025-08-29,13050.0
2025-09-01,13175.0
2025-09-02,13075.0
2025-09-03,13525.0
2025-09-04,16100.0
2025-09-05,15825.0
2025-09-08,22200.0
2025-09-09,21950.0
2025-09-10,21725.0
2025-09-11,20850.0
2025-09-12,20725.0
2025-09-15,17175.0
2025-09-16,15800.0
2025-09-17,14450.0
2025-09-18,13450.0
2025-09-19,14400.0
2025-09-22,12475.0
2025-09-23,11875.0
2025-09-24,11775.0
2025-09-25,11400.0
2025-09-29,9875.0
2025-09-30,9675.0
2025-10-01,8050.0
2025-10-02,7275.0
2025-10-03,7275.0
2025-10-06,8425.0
2025-10-07,8300.0
2025-10-08,8125.0
2025-10-16,7550.0
2025-10-17,7825.0
2025-10-20,7825.0
2025-10-21,9800.0
2025-10-22,9275.0
2025-10-23,10775.0
2025-10-24,10350.0
2025-10-27,9975.0
2025-10-28,11175.0
2025-10-29,14675.0
2025-10-30,14225.0
2025-10-31,13400.0
2025-11-05,10650.0
2025-11-06,10700.0
2025-11-07,11275.0
2025-11-10,11725.0
2025-11-11,10200.0
2025-11-12,10200.0
2025-11-13,10125.0
2025-11-14,9650.0
2025-11-17,9475.0
2025-11-18,8925.0
2025-11-19,9725.0
2025-11-20,9475.0
2025-11-21,6625.0
2025-11-24,5525.0
2025-11-25,5625.0
2025-11-26,6050.0
2025-11-27,6075.0
2025-11-28,6575.0
2025-12-01,6475.0
2025-12-02,6300.0
2025-12-03,56875.0
2025-12-04,64325.0
2025-12-05,63850.0
2025-12-08,63175.0
2025-12-09,63100.0
2025-12-10,65400.0
2025-12-11,66650.0
2025-12-12,66000.0
2025-12-15,65400.0
2025-12-16,64400.0
2025-12-17,64450.0
2025-12-18,61550.0
2025-12-19,56450.0
2025-12-22,51750.0
2025-12-23,48875.0
2025-12-24,46525.0
2025-12-31,36825.0
2026-01-02,34775.0
2026-01-05,32650.0
2026-01-06,31875.0
2026-01-07,29025.0
2026-01-08,25925.0
2026-01-09,23625.0
2026-01-13,51825.0
2026-01-14,51000.0
2026-01-15,50100.0
2026-01-19,48550.0
2026-01-20,47800.0
2026-01-21,46825.0
2026-01-22,47100.0
2026-01-23,46275.0
2026-01-26,44725.0
2026-01-27,45075.0
2026-01-28,44700.0
2026-01-29,43600.0
2026-01-30,41800.0
2026-02-02,37875.0
2026-02-03,37075.0
2026-02-04,22925.0
2026-02-05,19950.0
2026-02-06,19300.0
2026-02-09,19475.0
2026-02-10,19475.0
2026-02-11,22450.0
2026-02-12,21650.0
2026-02-13,9825.0
2026-02-16,10725.0
2026-02-17,10525.0
2026-02-18,10375.0
2026-02-19,10225.0
2026-02-20,10275.0
2026-02-23,10525.0
2026-02-24,10925.0
2026-02-25,12525.0
2026-02-26,12775.0
2026-02-27,13150.0
2026-03-02,12775.0
2026-03-03,12800.0
2026-03-04,14775.0
2026-03-05,14675.0
2026-03-06,11475.0
2026-03-09,13125.0
2026-03-10,22400.0
2026-03-11,36300.0
2026-03-12,42300.0
2026-03-13,43125.0
2026-03-16,42325.0
2026-03-17,43675.0
2026-03-18,43625.0
2026-03-19,45975.0
2026-03-20,45675.0
2026-03-23,45475.0
2026-03-24,52600.0
2026-03-25,52700.0
2026-03-26,62675.0
2026-03-27,67600.0
2026-03-30,67750.0
2026-03-31,68100.0
2026-04-01,66600.0
2026-04-02,63475.0
2026-04-07,48300.0
2026-04-08,45525.0
2026-04-09,42850.0
2026-04-10,40775.0
2026-04-13,40700.0
2026-04-14,42625.0
2026-04-15,47875.0
2026-04-16,49725.0
2026-04-17,51775.0
2026-04-20,48775.0
2026-04-21,49050.0
2026-04-22,47800.0
2026-04-23,52050.0
2026-04-24,48225.0
2026-04-27,46950.0
2026-04-28,46150.0
2026-04-29,47375.0
2026-04-30,48875.0
2026-05-01,52425.0
2026-05-05,52550.0
2026-05-06,50175.0
2026-05-07,52775.0
2026-05-08,56525.0
2026-05-11,57650.0
2026-05-12,60875.0
2026-05-13,58775.0
2026-05-14,66700.0
2026-05-15,67550.0
2026-05-18,65525.0
2026-05-19,66450.0
2026-05-20,66100.0
2026-05-21,64950.0
2026-05-22,116375.0
2026-05-26,115600.0
2026-05-27,115725.0
2026-05-28,113950.0
2026-05-29,112150.0
2026-06-01,119175.0
2026-06-02,119075.0
2026-06-03,118450.0
2026-06-04,139325.0
2026-06-05,139175.0
2026-06-08,145800.0
2026-06-09,144000.0
2026-06-10,139575.0
2026-06-11,140325.0
2026-06-12,140325.0
2026-06-15,139250.0
2026-06-16,137250.0
2026-06-17,134150.0
2026-06-18,132500.0
2026-06-19,129850.0
2026-06-22,127500.0
2026-06-23,129000.0
2026-06-24,129925.0
2026-06-25,133225.0
2026-06-26,133925.0
2026-06-29,130575.0
2026-06-30,127300.0
2026-07-01,123150.0
2026-07-02,120475.0
2026-07-03,117575.0
2026-07-06,113925.0
2026-07-07,113300.0
2026-07-08,111025.0
2026-07-09,108725.0
2026-07-10,107350.0
2026-07-13,130525.0
2026-07-14,142000.0
2026-07-15,152775.0
2026-07-16,169075.0
2026-07-17,165850.0
