date,open,high,low,close,volume
2016-07-18,2.775,2.799,2.708,2.735,0
2016-07-19,2.733,2.787,2.714,2.72,0
2016-07-20,2.722,2.73,2.648,2.654,0
2016-07-21,2.665,2.707,2.625,2.688,0
2016-07-22,2.687,2.795,2.66,2.781,0
2016-07-25,2.779,2.818,2.728,2.731,0
2016-07-26,2.733,2.772,2.682,2.693,0
2016-07-27,2.691,2.75,2.654,2.672,0
2016-07-28,2.673,2.893,2.651,2.857,0
2016-07-29,2.856,2.911,2.837,2.855,0
2016-08-01,2.839,2.876,2.768,2.774,0
2016-08-02,2.772,2.799,2.728,2.737,0
2016-08-03,2.734,2.866,2.722,2.845,0
2016-08-04,2.841,2.885,2.81,2.825,0
2016-08-05,2.829,2.832,2.756,2.761,0
2016-08-08,2.749,2.761,2.705,2.739,0
2016-08-09,2.737,2.744,2.605,2.618,0
2016-08-10,2.619,2.65,2.551,2.573,0
2016-08-11,2.57,2.605,2.529,2.535,0
2016-08-12,2.534,2.625,2.523,2.595,0
2016-08-15,2.565,2.636,2.561,2.592,0
2016-08-16,2.587,2.63,2.58,2.629,0
2016-08-17,2.627,2.648,2.585,2.612,0
2016-08-18,2.615,2.697,2.602,2.66,0
2016-08-19,2.662,2.67,2.569,2.571,0
2016-08-22,2.597,2.696,2.596,2.671,0
2016-08-23,2.673,2.765,2.652,2.76,0
2016-08-24,2.762,2.819,2.749,2.79,0
2016-08-25,2.792,2.863,2.749,2.834,0
2016-08-26,2.841,2.907,2.797,2.854,0
2016-08-29,2.847,2.896,2.831,2.853,0
2016-08-30,2.894,2.943,2.815,2.831,0
2016-08-31,2.831,2.9,2.808,2.88,0
2016-09-01,2.879,2.89,2.785,2.805,0
2016-09-02,2.804,2.825,2.77,2.791,0
2016-09-05,2.766,2.77,2.728,2.755,0
2016-09-06,2.763,2.769,2.708,2.723,0
2016-09-07,2.725,2.743,2.665,2.686,0
2016-09-08,2.681,2.821,2.679,2.798,0
2016-09-09,2.807,2.844,2.783,2.797,0
2016-09-12,2.82,2.924,2.797,2.903,0
2016-09-13,2.903,2.942,2.887,2.902,0
2016-09-14,2.899,2.978,2.852,2.898,0
2016-09-15,2.895,2.944,2.834,2.913,0
2016-09-16,2.918,2.963,2.866,2.956,0
2016-09-19,2.955,2.958,2.89,2.938,0
2016-09-20,2.936,3.072,2.935,3.066,0
2016-09-21,3.078,3.098,3.029,3.069,0
2016-09-22,3.071,3.091,2.981,2.993,0
2016-09-23,2.995,3.021,2.933,2.976,0
2016-09-26,2.965,3.018,2.949,3.009,0
2016-09-27,3.01,3.023,2.977,2.987,0
2016-09-28,2.994,2.994,2.905,2.952,0
2016-09-29,3.014,3.032,2.956,2.966,0
2016-09-30,2.965,2.977,2.892,2.903,0
2016-10-03,2.904,2.937,2.866,2.906,0
2016-10-04,2.907,2.99,2.878,2.974,0
2016-10-05,2.977,3.058,2.922,3.033,0
2016-10-06,3.03,3.071,2.972,3.037,0
2016-10-07,3.033,3.218,3.015,3.172,0
2016-10-10,3.194,3.289,3.154,3.275,0
2016-10-11,3.272,3.3,3.209,3.246,0
2016-10-12,3.223,3.26,3.184,3.214,0
2016-10-13,3.213,3.366,3.164,3.343,0
2016-10-14,3.345,3.362,3.264,3.284,0
2016-10-17,3.258,3.271,3.211,3.252,0
2016-10-18,3.254,3.317,3.248,3.256,0
2016-10-19,3.261,3.261,3.144,3.169,0
2016-10-20,3.175,3.201,3.101,3.121,0
2016-10-21,3.12,3.121,2.955,2.961,0
2016-10-24,3.007,3.044,2.827,2.851,0
2016-10-25,2.849,2.879,2.755,2.757,0
2016-10-26,2.755,2.776,2.627,2.745,0
2016-10-27,2.746,2.793,2.684,2.764,0
2016-10-28,3.081,3.125,3.016,3.114,0
2016-10-31,3.151,3.163,2.978,2.98,0
2016-11-01,2.982,3.029,2.85,2.854,0
2016-11-02,2.855,2.889,2.769,2.777,0
2016-11-03,2.776,2.84,2.725,2.816,0
2016-11-04,2.815,2.82,2.741,2.781,0
2016-11-07,2.848,2.875,2.781,2.829,0
2016-11-08,2.832,2.856,2.607,2.617,0
2016-11-09,2.614,2.743,2.546,2.703,0
2016-11-10,2.691,2.728,2.575,2.655,0
2016-11-11,2.656,2.685,2.555,2.626,0
2016-11-14,2.667,2.778,2.626,2.749,0
2016-11-15,2.746,2.822,2.694,2.705,0
2016-11-16,2.71,2.782,2.669,2.77,0
2016-11-17,2.767,2.798,2.681,2.694,0
2016-11-18,2.696,2.852,2.69,2.847,0
2016-11-21,2.898,2.973,2.847,2.969,0
2016-11-22,2.973,3.014,2.913,2.94,0
2016-11-23,2.946,3.062,2.915,3.011,0
2016-11-24,3.017,3.049,3.001,3.034,0
2016-11-25,3.021,3.121,3.016,3.071,0
2016-11-28,3.13,3.265,3.071,3.232,0
2016-11-29,3.356,3.367,3.232,3.328,0
2016-11-30,3.325,3.365,3.285,3.346,0
2016-12-01,3.348,3.547,3.316,3.542,0
2016-12-02,3.546,3.568,3.378,3.455,0
2016-12-05,3.471,3.656,3.45,3.589,0
2016-12-06,3.601,3.732,3.574,3.634,0
2016-12-07,3.633,3.747,3.556,3.565,0
2016-12-08,3.569,3.73,3.503,3.716,0
2016-12-09,3.71,3.777,3.661,3.724,0
2016-12-12,3.583,3.724,3.472,3.531,0
2016-12-13,3.525,3.577,3.448,3.477,0
2016-12-14,3.475,3.572,3.444,3.571,0
2016-12-15,3.567,3.589,3.394,3.424,0
2016-12-16,3.422,3.434,3.343,3.382,0
2016-12-19,3.353,3.45,3.33,3.403,0
2016-12-20,3.401,3.408,3.242,3.311,0
2016-12-21,3.308,3.593,3.307,3.572,0
2016-12-22,3.565,3.626,3.497,3.536,0
2016-12-23,3.541,3.715,3.534,3.677,0
2016-12-27,3.738,3.778,3.677,3.726,0
2016-12-28,3.735,3.994,3.664,3.93,0
2016-12-29,3.872,3.93,3.754,3.798,0
2016-12-30,3.8,3.857,3.69,3.744,0
2017-01-03,3.568,3.744,3.267,3.316,0
2017-01-04,3.32,3.358,3.236,3.257,0
2017-01-05,3.256,3.346,3.172,3.305,0
2017-01-06,3.304,3.358,3.214,3.262,0
2017-01-09,3.254,3.275,3.098,3.117,0
2017-01-10,3.115,3.327,3.11,3.27,0
2017-01-11,3.272,3.352,3.213,3.294,0
2017-01-12,3.297,3.45,3.294,3.382,0
2017-01-13,3.397,3.435,3.332,3.422,0
2017-01-16,3.474,3.495,3.4,3.481,0
2017-01-17,3.483,3.513,3.354,3.396,0
2017-01-18,3.398,3.437,3.282,3.319,0
2017-01-19,3.325,3.404,3.257,3.302,0
2017-01-20,3.301,3.347,3.189,3.198,0
2017-01-23,3.18,3.278,3.145,3.273,0
2017-01-24,3.28,3.35,3.259,3.293,0
2017-01-25,3.289,3.365,3.255,3.362,0
2017-01-26,3.366,3.494,3.35,3.35,0
2017-01-27,3.343,3.418,3.245,3.391,0
2017-01-30,3.3,3.388,3.216,3.228,0
2017-01-31,3.222,3.235,3.11,3.132,0
2017-02-01,3.135,3.228,3.113,3.168,0
2017-02-02,3.177,3.209,3.118,3.193,0
2017-02-03,3.194,3.201,3.042,3.053,0
2017-02-06,3.015,3.086,3.006,3.06,0
2017-02-07,3.061,3.156,3.051,3.144,0
2017-02-08,3.14,3.164,3.06,3.141,0
2017-02-09,3.145,3.189,3.11,3.117,0
2017-02-10,3.104,3.121,3.005,3.035,0
2017-02-13,2.978,3.035,2.921,2.929,0
2017-02-14,2.923,2.953,2.887,2.934,0
2017-02-15,2.938,2.994,2.913,2.934,0
2017-02-16,2.935,2.953,2.831,2.832,0
2017-02-17,2.836,2.899,2.83,2.843,0
2017-02-20,2.791,2.843,2.745,2.769,0
2017-02-21,2.77,2.779,2.556,2.579,0
2017-02-22,2.584,2.64,2.522,2.6,0
2017-02-23,2.598,2.704,2.569,2.626,0
2017-02-24,2.62,2.67,2.587,2.627,0
2017-02-27,2.715,2.799,2.659,2.692,0
2017-02-28,2.691,2.788,2.653,2.769,0
2017-03-01,2.77,2.828,2.743,2.797,0
2017-03-02,2.791,2.835,2.73,2.814,0
2017-03-03,2.816,2.84,2.775,2.825,0
2017-03-06,2.911,2.952,2.825,2.874,0
2017-03-07,2.872,2.89,2.815,2.838,0
2017-03-08,2.836,2.949,2.833,2.918,0
2017-03-09,2.913,2.99,2.889,2.986,0
2017-03-10,2.987,3.043,2.966,3.042,0
2017-03-13,3.083,3.089,2.99,3.024,0
2017-03-14,3.021,3.063,2.927,2.948,0
2017-03-15,2.949,3.006,2.923,2.977,0
2017-03-16,2.975,2.976,2.888,2.908,0
2017-03-17,2.913,2.965,2.882,2.962,0
2017-03-20,2.913,3.085,2.902,3.077,0
2017-03-21,3.08,3.113,3.033,3.092,0
2017-03-22,3.082,3.095,3.007,3.019,0
2017-03-23,3.02,3.063,2.986,3.05,0
2017-03-24,3.051,3.092,3.016,3.081,0
2017-03-27,3.12,3.133,3.043,3.051,0
2017-03-28,3.045,3.104,3.011,3.092,0
2017-03-29,3.089,3.183,3.082,3.175,0
2017-03-30,3.213,3.237,3.141,3.197,0
2017-03-31,3.2,3.242,3.163,3.192,0
2017-04-03,3.217,3.239,3.125,3.149,0
2017-04-04,3.145,3.301,3.121,3.291,0
2017-04-05,3.292,3.347,3.254,3.276,0
2017-04-06,3.273,3.337,3.235,3.306,0
2017-04-07,3.305,3.34,3.246,3.249,0
2017-04-10,3.238,3.293,3.228,3.243,0
2017-04-11,3.243,3.268,3.141,3.168,0
2017-04-12,3.17,3.197,3.132,3.179,0
2017-04-13,3.181,3.243,3.149,3.239,0
2017-04-14,3.239,3.239,3.239,3.239,0
2017-04-17,3.23,3.249,3.163,3.229,0
2017-04-18,3.162,3.182,3.114,3.152,0
2017-04-19,3.15,3.223,3.143,3.19,0
2017-04-20,3.19,3.219,3.134,3.168,0
2017-04-21,3.166,3.185,3.082,3.096,0
2017-04-24,3.094,3.149,3.031,3.064,0
2017-04-25,3.058,3.083,3.022,3.054,0
2017-04-26,3.052,3.17,3.031,3.142,0
2017-04-27,3.254,3.266,3.207,3.241,0
2017-04-28,3.24,3.298,3.229,3.269,0
2017-05-01,3.249,3.313,3.198,3.231,0
2017-05-02,3.232,3.273,3.178,3.186,0
2017-05-03,3.183,3.229,3.175,3.225,0
2017-05-04,3.22,3.254,3.165,3.201,0
2017-05-05,3.199,3.282,3.183,3.281,0
2017-05-08,3.243,3.281,3.14,3.177,0
2017-05-09,3.178,3.246,3.173,3.215,0
2017-05-10,3.214,3.349,3.202,3.28,0
2017-05-11,3.278,3.388,3.273,3.364,0
2017-05-12,3.368,3.431,3.35,3.426,0
2017-05-15,3.387,3.426,3.334,3.355,0
2017-05-16,3.359,3.369,3.216,3.229,0
2017-05-17,3.231,3.269,3.165,3.208,0
2017-05-18,3.209,3.242,3.161,3.187,0
2017-05-19,3.184,3.27,3.181,3.246,0
2017-05-22,3.291,3.334,3.246,3.327,0
2017-05-23,3.327,3.333,3.211,3.23,0
2017-05-24,3.234,3.252,3.176,3.205,0
2017-05-25,3.204,3.257,3.145,3.19,0
2017-05-26,3.186,3.263,3.167,3.236,0
2017-05-29,3.25,3.295,3.201,3.212,0
2017-05-30,3.211,3.223,3.141,3.143,0
2017-05-31,3.146,3.172,3.061,3.08,0
2017-06-01,3.083,3.128,2.988,3.049,0
2017-06-02,3.051,3.051,2.989,3.003,0
2017-06-05,3.026,3.047,2.935,2.978,0
2017-06-06,2.982,3.063,2.972,3.057,0
2017-06-07,3.061,3.095,3.01,3.018,0
2017-06-08,3.019,3.068,2.978,3.038,0
2017-06-09,3.032,3.066,3.028,3.044,0
2017-06-12,3.031,3.087,3.001,3.008,0
2017-06-13,3.011,3.065,2.949,2.963,0
2017-06-14,2.962,2.989,2.916,2.947,0
2017-06-15,2.947,3.066,2.929,3.05,0
2017-06-16,3.049,3.082,3.021,3.03,0
2017-06-19,2.966,3.03,2.877,2.892,0
2017-06-20,2.897,2.913,2.879,2.896,0
2017-06-21,2.897,2.948,2.878,2.892,0
2017-06-22,2.896,2.962,2.855,2.897,0
2017-06-23,2.898,2.94,2.895,2.921,0
2017-06-26,2.99,3.052,2.921,3.047,0
2017-06-27,3.049,3.06,3.012,3.02,0
2017-06-28,3.022,3.08,3.016,3.067,0
2017-06-29,3.08,3.122,3.032,3.037,0
2017-06-30,3.036,3.052,2.974,3.041,0
2017-07-03,2.953,3.05,2.935,2.95,0
2017-07-04,2.952,2.993,2.95,2.984,0
2017-07-05,2.978,3.02,2.832,2.853,0
2017-07-06,2.857,2.893,2.849,2.892,0
2017-07-07,2.899,2.947,2.847,2.854,0
2017-07-10,2.898,2.946,2.854,2.924,0
2017-07-11,2.925,3.053,2.921,3.036,0
2017-07-12,3.035,3.043,2.97,2.995,0
2017-07-13,2.992,3.02,2.947,2.961,0
2017-07-14,2.959,3.0,2.928,2.977,0
2017-07-17,2.982,3.049,2.977,3.024,0
2017-07-18,3.022,3.094,3.02,3.085,0
2017-07-19,3.083,3.103,3.062,3.067,0
2017-07-20,3.066,3.114,3.017,3.033,0
2017-07-21,3.029,3.044,2.938,2.96,0
2017-07-24,2.914,2.96,2.88,2.902,0
2017-07-25,2.908,2.95,2.899,2.942,0
2017-07-26,2.94,2.965,2.895,2.926,0
2017-07-27,2.921,2.998,2.904,2.969,0
2017-07-28,2.959,2.983,2.923,2.923,0
2017-07-31,2.9,2.923,2.781,2.81,0
2017-08-01,2.809,2.835,2.761,2.821,0
2017-08-02,2.814,2.837,2.785,2.815,0
2017-08-03,2.811,2.846,2.79,2.794,0
2017-08-04,2.792,2.8,2.753,2.776,0
2017-08-07,2.772,2.812,2.764,2.805,0
2017-08-08,2.807,2.832,2.783,2.814,0
2017-08-09,2.811,2.899,2.8,2.88,0
2017-08-10,2.877,2.995,2.872,2.979,0
2017-08-11,2.976,2.997,2.962,2.99,0
2017-08-14,3.005,3.018,2.925,2.956,0
2017-08-15,2.961,2.972,2.919,2.924,0
2017-08-16,2.921,2.933,2.883,2.889,0
2017-08-17,2.89,2.939,2.856,2.92,0
2017-08-18,2.914,2.928,2.885,2.885,0
2017-08-21,2.894,2.98,2.867,2.965,0
2017-08-22,2.963,3.006,2.927,2.937,0
2017-08-23,2.935,2.957,2.9,2.925,0
2017-08-24,2.924,2.982,2.917,2.943,0
2017-08-25,2.947,2.952,2.881,2.896,0
2017-08-28,2.924,2.967,2.849,2.923,0
2017-08-29,2.915,2.998,2.9,2.961,0
2017-08-30,2.973,2.98,2.928,2.943,0
2017-08-31,2.945,3.045,2.908,3.03,0
2017-09-01,3.027,3.088,2.998,3.065,0
2017-09-04,3.013,3.065,3.013,3.019,0
2017-09-05,3.022,3.044,2.965,2.972,0
2017-09-06,2.971,3.031,2.96,3.007,0
2017-09-07,3.008,3.03,2.968,2.976,0
2017-09-08,2.972,2.976,2.885,2.9,0
2017-09-11,2.909,2.953,2.899,2.95,0
2017-09-12,2.949,3.043,2.936,3.009,0
2017-09-13,2.996,3.078,2.995,3.059,0
2017-09-14,3.06,3.106,3.036,3.066,0
2017-09-15,3.064,3.074,3.006,3.035,0
2017-09-18,3.053,3.157,3.035,3.154,0
2017-09-19,3.151,3.166,3.112,3.121,0
2017-09-20,3.118,3.148,3.077,3.082,0
2017-09-21,3.081,3.091,2.942,2.953,0
2017-09-22,2.957,2.978,2.945,2.945,0
2017-09-25,2.933,2.986,2.911,2.922,0
2017-09-26,2.921,2.955,2.898,2.918,0
2017-09-27,2.917,2.989,2.912,2.974,0
2017-09-28,3.062,3.081,3.001,3.02,0
2017-09-29,3.021,3.044,2.992,3.018,0
2017-10-02,3.016,3.018,2.889,2.924,0
2017-10-03,2.926,2.935,2.88,2.9,0
2017-10-04,2.902,2.977,2.898,2.935,0
2017-10-05,2.938,2.995,2.894,2.896,0
2017-10-06,2.896,2.917,2.856,2.865,0
2017-10-09,2.859,2.886,2.827,2.836,0
2017-10-10,2.837,2.896,2.833,2.881,0
2017-10-11,2.882,2.962,2.876,2.905,0
2017-10-12,2.906,3.008,2.895,2.987,0
2017-10-13,2.994,3.036,2.984,3.002,0
2017-10-16,2.968,2.977,2.908,2.954,0
2017-10-17,2.957,3.026,2.921,2.922,0
2017-10-18,2.923,2.941,2.851,2.864,0
2017-10-19,2.868,2.91,2.773,2.886,0
2017-10-20,2.885,2.94,2.856,2.91,0
2017-10-23,3.006,3.017,2.948,2.966,0
2017-10-24,2.971,3.004,2.96,2.988,0
2017-10-25,2.99,2.999,2.913,2.929,0
2017-10-26,2.93,2.941,2.867,2.896,0
2017-10-27,2.899,2.899,2.723,2.752,0
2017-10-30,2.938,3.006,2.936,2.988,0
2017-10-31,2.991,3.005,2.882,2.905,0
2017-11-01,2.906,2.929,2.847,2.895,0
2017-11-02,2.9,2.957,2.881,2.935,0
2017-11-03,2.934,2.998,2.93,2.994,0
2017-11-06,3.085,3.143,2.994,3.117,0
2017-11-07,3.125,3.176,3.088,3.152,0
2017-11-08,3.151,3.19,3.114,3.155,0
2017-11-09,3.153,3.217,3.152,3.211,0
2017-11-10,3.208,3.224,3.171,3.22,0
2017-11-13,3.2,3.231,3.127,3.141,0
2017-11-14,3.14,3.149,3.064,3.081,0
2017-11-15,3.078,3.153,3.052,3.088,0
2017-11-16,3.087,3.11,3.046,3.072,0
2017-11-17,3.073,3.134,3.059,3.132,0
2017-11-20,3.07,3.132,3.026,3.03,0
2017-11-21,3.032,3.064,3.012,3.015,0
2017-11-22,3.013,3.027,2.955,2.958,0
2017-11-23,2.961,2.986,2.891,2.899,0
2017-11-24,2.901,2.922,2.797,2.827,0
2017-11-27,2.927,2.95,2.827,2.95,0
2017-11-28,2.947,3.102,2.945,3.074,0
2017-11-29,3.131,3.218,3.074,3.176,0
2017-11-30,3.175,3.194,3.008,3.023,0
2017-12-01,3.033,3.117,3.023,3.059,0
2017-12-04,3.091,3.127,2.953,2.973,0
2017-12-05,2.976,2.998,2.875,2.91,0
2017-12-06,2.908,2.961,2.884,2.911,0
2017-12-07,2.91,2.922,2.747,2.769,0
2017-12-08,2.771,2.82,2.757,2.789,0
2017-12-11,2.831,2.848,2.789,2.804,0
2017-12-12,2.8,2.844,2.673,2.692,0
2017-12-13,2.696,2.751,2.656,2.696,0
2017-12-14,2.704,2.717,2.643,2.687,0
2017-12-15,2.686,2.732,2.581,2.622,0
2017-12-18,2.649,2.778,2.634,2.735,0
2017-12-19,2.734,2.769,2.688,2.718,0
2017-12-20,2.724,2.756,2.61,2.652,0
2017-12-21,2.653,2.669,2.568,2.619,0
2017-12-22,2.618,2.682,2.583,2.681,0
2017-12-26,2.704,2.78,2.63,2.635,0
2017-12-27,2.639,2.762,2.602,2.738,0
2017-12-28,2.74,2.945,2.734,2.929,0
2017-12-29,2.93,3.008,2.92,2.955,0
2018-01-02,3.078,3.097,2.923,3.037,0
2018-01-03,3.04,3.056,2.959,3.012,0
2018-01-04,3.015,3.07,2.84,2.872,0
2018-01-05,2.874,2.887,2.746,2.788,0
2018-01-08,2.812,2.869,2.784,2.838,0
2018-01-09,2.839,2.966,2.825,2.957,0
2018-01-10,2.964,2.989,2.869,2.908,0
2018-01-11,2.906,3.139,2.884,3.136,0
2018-01-12,3.137,3.224,3.07,3.208,0
2018-01-15,3.128,3.176,3.087,3.131,0
2018-01-16,3.13,3.175,3.039,3.125,0
2018-01-17,3.124,3.288,3.098,3.247,0
2018-01-18,3.259,3.259,3.07,3.197,0
2018-01-19,3.2,3.246,3.133,3.18,0
2018-01-22,3.255,3.269,3.143,3.248,0
2018-01-23,3.254,3.628,3.248,3.541,0
2018-01-24,3.538,3.624,3.404,3.433,0
2018-01-25,3.436,3.581,3.398,3.436,0
2018-01-26,3.437,3.611,3.41,3.52,0
2018-01-29,3.39,3.661,3.297,3.631,0
2018-01-30,3.188,3.259,3.161,3.163,0
2018-01-31,3.165,3.183,2.949,2.958,0
2018-02-01,2.956,2.978,2.837,2.885,0
2018-02-02,2.891,2.92,2.84,2.863,0
2018-02-05,2.825,2.88,2.736,2.759,0
2018-02-06,2.767,2.785,2.695,2.763,0
2018-02-07,2.761,2.782,2.688,2.701,0
2018-02-08,2.702,2.758,2.681,2.691,0
2018-02-09,2.688,2.704,2.576,2.605,0
2018-02-12,2.553,2.607,2.538,2.565,0
2018-02-13,2.566,2.642,2.562,2.607,0
2018-02-14,2.608,2.623,2.553,2.614,0
2018-02-15,2.613,2.623,2.53,2.581,0
2018-02-16,2.584,2.589,2.539,2.572,0
2018-02-19,2.569,2.618,2.562,2.565,0
2018-02-20,2.595,2.662,2.565,2.637,0
2018-02-21,2.638,2.68,2.565,2.652,0
2018-02-22,2.657,2.67,2.607,2.616,0
2018-02-23,2.619,2.633,2.555,2.631,0
2018-02-26,2.639,2.68,2.586,2.639,0
2018-02-27,2.682,2.702,2.633,2.694,0
2018-02-28,2.691,2.71,2.659,2.669,0
2018-03-01,2.667,2.731,2.642,2.693,0
2018-03-02,2.694,2.728,2.686,2.711,0
2018-03-05,2.72,2.726,2.673,2.705,0
2018-03-06,2.706,2.757,2.702,2.752,0
2018-03-07,2.75,2.789,2.744,2.785,0
2018-03-08,2.786,2.793,2.737,2.745,0
2018-03-09,2.742,2.752,2.712,2.717,0
2018-03-12,2.731,2.804,2.718,2.786,0
2018-03-13,2.783,2.811,2.776,2.788,0
2018-03-14,2.787,2.798,2.71,2.738,0
2018-03-15,2.739,2.75,2.664,2.684,0
2018-03-16,2.685,2.701,2.667,2.696,0
2018-03-19,2.683,2.71,2.64,2.659,0
2018-03-20,2.66,2.695,2.65,2.677,0
2018-03-21,2.675,2.708,2.634,2.648,0
2018-03-22,2.65,2.667,2.611,2.62,0
2018-03-23,2.619,2.627,2.579,2.586,0
2018-03-26,2.583,2.642,2.565,2.631,0
2018-03-27,2.627,2.707,2.623,2.691,0
2018-03-28,2.719,2.731,2.69,2.703,0
2018-03-29,2.706,2.764,2.698,2.731,0
2018-04-02,2.738,2.759,2.65,2.677,0
2018-04-03,2.679,2.707,2.667,2.695,0
2018-04-04,2.696,2.746,2.675,2.709,0
2018-04-05,2.712,2.715,2.651,2.679,0
2018-04-06,2.68,2.717,2.675,2.696,0
2018-04-09,2.679,2.704,2.64,2.698,0
2018-04-10,2.699,2.726,2.643,2.66,0
2018-04-11,2.661,2.69,2.621,2.673,0
2018-04-12,2.675,2.7,2.647,2.689,0
2018-04-13,2.688,2.76,2.674,2.736,0
2018-04-16,2.746,2.779,2.739,2.747,0
2018-04-17,2.747,2.761,2.711,2.742,0
2018-04-18,2.74,2.79,2.734,2.744,0
2018-04-19,2.743,2.751,2.658,2.676,0
2018-04-20,2.675,2.746,2.658,2.745,0
2018-04-23,2.743,2.757,2.706,2.744,0
2018-04-24,2.745,2.789,2.728,2.781,0
2018-04-25,2.781,2.798,2.755,2.79,0
2018-04-26,2.788,2.839,2.779,2.821,0
2018-04-27,2.827,2.834,2.768,2.768,0
2018-04-30,2.747,2.768,2.744,2.765,0
2018-05-01,2.764,2.82,2.759,2.802,0
2018-05-02,2.805,2.811,2.745,2.758,0
2018-05-03,2.759,2.773,2.7,2.73,0
2018-05-04,2.731,2.742,2.702,2.711,0
2018-05-07,2.711,2.77,2.695,2.735,0
2018-05-08,2.735,2.773,2.706,2.738,0
2018-05-09,2.739,2.759,2.725,2.735,0
2018-05-10,2.736,2.82,2.709,2.808,0
2018-05-11,2.809,2.82,2.793,2.819,0
2018-05-14,2.825,2.847,2.798,2.835,0
2018-05-15,2.834,2.864,2.824,2.829,0
2018-05-16,2.829,2.844,2.809,2.818,0
2018-05-17,2.817,2.862,2.78,2.853,0
2018-05-18,2.852,2.87,2.832,2.837,0
2018-05-21,2.826,2.847,2.806,2.827,0
2018-05-22,2.828,2.917,2.816,2.903,0
2018-05-23,2.902,2.939,2.898,2.924,0
2018-05-24,2.923,2.941,2.904,2.932,0
2018-05-25,2.931,2.964,2.912,2.929,0
2018-05-28,2.946,2.968,2.908,2.961,0
2018-05-29,2.96,2.961,2.838,2.875,0
2018-05-30,2.899,2.906,2.867,2.897,0
2018-05-31,2.891,2.988,2.887,2.953,0
2018-06-01,2.951,2.983,2.932,2.982,0
2018-06-04,2.974,2.982,2.923,2.927,0
2018-06-05,2.92,2.931,2.874,2.891,0
2018-06-06,2.888,2.912,2.873,2.9,0
2018-06-07,2.899,2.987,2.896,2.934,0
2018-06-08,2.932,2.936,2.875,2.905,0
2018-06-11,2.927,2.966,2.905,2.953,0
2018-06-12,2.954,2.988,2.917,2.942,0
2018-06-13,2.94,2.979,2.916,2.958,0
2018-06-14,2.959,2.976,2.93,2.969,0
2018-06-15,2.966,3.034,2.966,3.028,0
2018-06-18,3.051,3.053,2.945,2.953,0
2018-06-19,2.952,2.955,2.887,2.915,0
2018-06-20,2.919,2.969,2.912,2.965,0
2018-06-21,2.966,3.012,2.947,2.982,0
2018-06-22,2.98,2.991,2.926,2.943,0
2018-06-25,2.926,2.943,2.897,2.932,0
2018-06-26,2.931,2.955,2.907,2.95,0
2018-06-27,2.956,3.007,2.95,2.996,0
2018-06-28,2.986,3.021,2.93,2.952,0
2018-06-29,2.951,2.954,2.91,2.919,0
2018-07-02,2.922,2.927,2.852,2.861,0
2018-07-03,2.86,2.903,2.852,2.861,0
2018-07-04,2.858,2.894,2.822,2.842,0
2018-07-05,2.841,2.884,2.826,2.831,0
2018-07-06,2.83,2.862,2.824,2.85,0
2018-07-09,2.833,2.865,2.817,2.828,0
2018-07-10,2.827,2.835,2.782,2.784,0
2018-07-11,2.787,2.832,2.78,2.825,0
2018-07-12,2.822,2.827,2.789,2.8,0
2018-07-13,2.801,2.812,2.75,2.758,0
2018-07-16,2.765,2.778,2.735,2.767,0
2018-07-17,2.768,2.788,2.731,2.743,0
2018-07-18,2.744,2.754,2.72,2.73,0
2018-07-19,2.733,2.776,2.704,2.767,0
2018-07-20,2.768,2.784,2.754,2.762,0
2018-07-23,2.736,2.762,2.713,2.721,0
2018-07-24,2.721,2.744,2.71,2.739,0
2018-07-25,2.738,2.78,2.735,2.778,0
2018-07-26,2.777,2.799,2.769,2.776,0
2018-07-27,2.775,2.831,2.769,2.822,0
2018-07-30,2.786,2.814,2.766,2.8,0
2018-07-31,2.8,2.831,2.772,2.781,0
2018-08-01,2.779,2.788,2.744,2.746,0
2018-08-02,2.745,2.828,2.74,2.819,0
2018-08-03,2.816,2.862,2.814,2.851,0
2018-08-06,2.849,2.865,2.822,2.861,0
2018-08-07,2.863,2.9,2.857,2.891,0
2018-08-08,2.892,2.951,2.884,2.945,0
2018-08-09,2.947,2.959,2.93,2.946,0
2018-08-10,2.948,2.955,2.917,2.935,0
2018-08-13,2.935,2.946,2.897,2.926,0
2018-08-14,2.925,2.974,2.922,2.955,0
2018-08-15,2.952,2.963,2.93,2.939,0
2018-08-16,2.94,2.949,2.891,2.911,0
2018-08-17,2.91,2.968,2.909,2.944,0
2018-08-20,2.928,2.954,2.903,2.952,0
2018-08-21,2.953,2.991,2.952,2.989,0
2018-08-22,2.988,2.993,2.953,2.956,0
2018-08-23,2.958,2.982,2.935,2.97,0
2018-08-24,2.971,2.979,2.911,2.913,0
2018-08-27,2.901,2.915,2.874,2.876,0
2018-08-28,2.874,2.883,2.845,2.86,0
2018-08-29,2.857,2.905,2.843,2.895,0
2018-08-30,2.873,2.89,2.841,2.883,0
2018-08-31,2.884,2.931,2.882,2.921,0
2018-09-03,2.902,2.904,2.818,2.859,0
2018-09-04,2.858,2.874,2.812,2.814,0
2018-09-05,2.817,2.843,2.786,2.793,0
2018-09-06,2.792,2.797,2.765,2.776,0
2018-09-07,2.777,2.785,2.759,2.775,0
2018-09-10,2.77,2.814,2.752,2.808,0
2018-09-11,2.807,2.836,2.785,2.83,0
2018-09-12,2.829,2.869,2.818,2.824,0
2018-09-13,2.823,2.856,2.805,2.811,0
2018-09-14,2.811,2.814,2.762,2.769,0
2018-09-17,2.774,2.83,2.769,2.816,0
2018-09-18,2.816,2.937,2.811,2.927,0
2018-09-19,2.927,2.948,2.898,2.907,0
2018-09-20,2.907,2.991,2.886,2.958,0
2018-09-21,2.962,2.989,2.938,2.981,0
2018-09-24,2.978,3.048,2.951,3.043,0
2018-09-25,3.044,3.087,3.02,3.077,0
2018-09-26,3.077,3.088,2.981,3.021,0
2018-09-27,2.971,3.111,2.963,3.059,0
2018-09-28,3.056,3.062,2.977,3.001,0
2018-10-01,3.01,3.117,3.001,3.113,0
2018-10-02,3.116,3.194,3.109,3.164,0
2018-10-03,3.167,3.261,3.155,3.238,0
2018-10-04,3.237,3.25,3.129,3.191,0
2018-10-05,3.186,3.224,3.109,3.155,0
2018-10-08,3.185,3.294,3.174,3.281,0
2018-10-09,3.28,3.368,3.237,3.307,0
2018-10-10,3.306,3.358,3.251,3.275,0
2018-10-11,3.279,3.287,3.153,3.235,0
2018-10-12,3.235,3.27,3.138,3.146,0
2018-10-15,3.221,3.273,3.177,3.26,0
2018-10-16,3.258,3.311,3.21,3.253,0
2018-10-17,3.255,3.34,3.24,3.316,0
2018-10-18,3.318,3.32,3.193,3.308,0
2018-10-19,3.226,3.258,3.155,3.231,0
2018-10-22,3.227,3.247,3.126,3.135,0
2018-10-23,3.133,3.24,3.111,3.222,0
2018-10-24,3.217,3.25,3.159,3.186,0
2018-10-25,3.183,3.233,3.153,3.169,0
2018-10-26,3.172,3.203,3.102,3.202,0
2018-10-29,3.139,3.202,3.1,3.185,0
2018-10-30,3.184,3.281,3.166,3.214,0
2018-10-31,3.211,3.294,3.207,3.284,0
2018-11-01,3.283,3.318,3.216,3.239,0
2018-11-02,3.241,3.313,3.166,3.296,0
2018-11-05,3.471,3.576,3.296,3.558,0
2018-11-06,3.549,3.581,3.514,3.533,0
2018-11-07,3.542,3.56,3.486,3.531,0
2018-11-08,3.532,3.568,3.493,3.558,0
2018-11-09,3.555,3.824,3.552,3.724,0
2018-11-12,3.745,3.954,3.724,3.935,0
2018-11-13,3.934,4.11,3.902,4.072,0
2018-11-14,4.071,4.929,4.05,4.691,0
2018-11-15,4.672,4.8,3.882,3.901,0
2018-11-16,3.916,4.39,3.901,4.39,0
2018-11-19,4.63,4.779,4.427,4.584,0
2018-11-20,4.583,4.672,4.274,4.517,0
2018-11-21,4.563,4.864,4.42,4.452,0
2018-11-22,4.471,4.536,4.117,4.235,0
2018-11-23,4.26,4.563,4.222,4.309,0
2018-11-26,4.057,4.282,3.99,4.232,0
2018-11-27,4.224,4.325,4.104,4.2,0
2018-11-28,4.199,4.806,4.19,4.715,0
2018-11-29,4.667,4.715,4.453,4.596,0
2018-11-30,4.594,4.776,4.473,4.639,0
2018-12-03,4.527,4.64,4.243,4.385,0
2018-12-04,4.385,4.574,4.358,4.509,0
2018-12-05,4.514,4.63,4.404,4.446,0
2018-12-06,4.45,4.489,4.271,4.365,0
2018-12-07,4.343,4.57,4.231,4.496,0
2018-12-10,4.59,4.666,4.39,4.521,0
2018-12-11,4.497,4.587,4.348,4.361,0
2018-12-12,4.367,4.407,4.081,4.093,0
2018-12-13,4.096,4.307,4.05,4.137,0
2018-12-14,4.065,4.137,3.787,3.791,0
2018-12-17,3.62,3.742,3.516,3.566,0
2018-12-18,3.569,3.85,3.565,3.829,0
2018-12-19,3.836,3.893,3.563,3.725,0
2018-12-20,3.733,3.938,3.572,3.705,0
2018-12-21,3.691,3.829,3.595,3.67,0
2018-12-24,3.758,3.846,3.449,3.463,0
2018-12-25,3.46,3.46,3.459,3.46,0
2018-12-26,3.458,3.586,3.315,3.501,0
2018-12-27,3.5,3.666,3.441,3.639,0
2018-12-28,3.508,3.527,3.278,3.303,0
2018-12-31,3.101,3.14,2.93,2.959,0
2019-01-01,2.959,2.96,2.959,2.959,0
2019-01-02,2.932,3.039,2.905,2.956,0
2019-01-03,2.963,3.011,2.878,2.923,0
2019-01-04,2.914,3.049,2.894,3.035,0
2019-01-07,2.96,2.994,2.91,2.959,0
2019-01-08,2.965,3.053,2.948,3.005,0
2019-01-09,3.003,3.019,2.939,2.991,0
2019-01-10,2.994,3.089,2.961,2.969,0
2019-01-11,2.994,3.166,2.967,3.155,0
2019-01-14,3.328,3.618,3.281,3.567,0
2019-01-15,3.631,3.722,3.433,3.443,0
2019-01-16,3.452,3.696,3.338,3.407,0
2019-01-17,3.418,3.593,3.367,3.413,0
2019-01-18,3.439,3.499,3.201,3.42,0
2019-01-21,3.321,3.361,3.231,3.239,0
2019-01-22,3.282,3.356,3.026,3.063,0
2019-01-23,3.058,3.167,2.957,3.03,0
2019-01-24,3.029,3.156,2.988,3.137,0
2019-01-25,3.16,3.207,3.047,3.175,0
2019-01-28,2.916,2.983,2.888,2.925,0
2019-01-29,2.925,2.97,2.789,2.949,0
2019-01-30,2.908,2.95,2.846,2.872,0
2019-01-31,2.869,2.918,2.802,2.82,0
2019-02-01,2.827,2.85,2.73,2.737,0
2019-02-04,2.706,2.733,2.655,2.666,0
2019-02-05,2.666,2.708,2.639,2.684,0
2019-02-06,2.687,2.72,2.651,2.678,0
2019-02-07,2.682,2.691,2.549,2.568,0
2019-02-08,2.572,2.62,2.558,2.614,0
2019-02-11,2.655,2.744,2.638,2.646,0
2019-02-12,2.646,2.698,2.618,2.671,0
2019-02-13,2.665,2.669,2.558,2.587,0
2019-02-14,2.591,2.613,2.565,2.565,0
2019-02-15,2.572,2.637,2.543,2.628,0
2019-02-18,2.618,2.665,2.6,2.626,0
2019-02-19,2.642,2.673,2.607,2.659,0
2019-02-20,2.655,2.689,2.631,2.648,0
2019-02-21,2.649,2.708,2.639,2.703,0
2019-02-22,2.703,2.726,2.675,2.699,0
2019-02-25,2.759,2.851,2.733,2.842,0
2019-02-26,2.842,2.908,2.816,2.855,0
2019-02-27,2.768,2.855,2.732,2.808,0
2019-02-28,2.807,2.843,2.787,2.803,0
2019-03-01,2.805,2.872,2.78,2.846,0
2019-03-04,2.845,2.888,2.821,2.85,0
2019-03-05,2.856,2.892,2.841,2.888,0
2019-03-06,2.889,2.896,2.822,2.838,0
2019-03-07,2.843,2.871,2.812,2.865,0
2019-03-08,2.865,2.895,2.856,2.867,0
2019-03-11,2.835,2.864,2.766,2.781,0
2019-03-12,2.779,2.798,2.752,2.791,0
2019-03-13,2.792,2.839,2.762,2.833,0
2019-03-14,2.834,2.857,2.824,2.849,0
2019-03-15,2.844,2.856,2.786,2.786,0
2019-03-18,2.785,2.857,2.773,2.84,0
2019-03-19,2.845,2.897,2.835,2.864,0
2019-03-20,2.864,2.872,2.814,2.825,0
2019-03-21,2.832,2.839,2.796,2.821,0
2019-03-22,2.821,2.824,2.721,2.755,0
2019-03-25,2.724,2.766,2.706,2.763,0
2019-03-26,2.759,2.77,2.726,2.726,0
2019-03-27,2.731,2.732,2.671,2.712,0
2019-03-28,2.722,2.752,2.707,2.714,0
2019-03-29,2.72,2.728,2.656,2.671,0
2019-04-01,2.663,2.733,2.657,2.703,0
2019-04-02,2.706,2.722,2.673,2.689,0
2019-04-03,2.691,2.695,2.658,2.676,0
2019-04-04,2.676,2.685,2.636,2.644,0
2019-04-05,2.645,2.68,2.632,2.679,0
2019-04-08,2.659,2.721,2.653,2.712,0
2019-04-09,2.709,2.725,2.68,2.707,0
2019-04-10,2.706,2.729,2.686,2.699,0
2019-04-11,2.701,2.71,2.652,2.675,0
2019-04-12,2.673,2.688,2.651,2.655,0
2019-04-15,2.646,2.653,2.584,2.584,0
2019-04-16,2.589,2.594,2.57,2.576,0
2019-04-17,2.572,2.582,2.503,2.507,0
2019-04-18,2.506,2.521,2.478,2.496,0
2019-04-22,2.494,2.535,2.484,2.53,0
2019-04-23,2.526,2.535,2.447,2.457,0
2019-04-24,2.452,2.487,2.45,2.475,0
2019-04-25,2.475,2.52,2.439,2.506,0
2019-04-26,2.501,2.58,2.477,2.567,0
2019-04-29,2.578,2.598,2.546,2.589,0
2019-04-30,2.593,2.614,2.565,2.574,0
2019-05-01,2.572,2.626,2.561,2.614,0
2019-05-02,2.614,2.618,2.564,2.582,0
2019-05-03,2.589,2.611,2.553,2.564,0
2019-05-06,2.562,2.574,2.516,2.526,0
2019-05-07,2.519,2.556,2.514,2.545,0
2019-05-08,2.542,2.615,2.536,2.603,0
2019-05-09,2.605,2.607,2.561,2.599,0
2019-05-10,2.591,2.647,2.574,2.619,0
2019-05-13,2.616,2.653,2.598,2.625,0
2019-05-14,2.625,2.67,2.622,2.653,0
2019-05-15,2.65,2.669,2.595,2.609,0
2019-05-16,2.602,2.647,2.586,2.643,0
2019-05-17,2.637,2.66,2.616,2.627,0
2019-05-20,2.626,2.7,2.625,2.669,0
2019-05-21,2.668,2.668,2.609,2.617,0
2019-05-22,2.618,2.624,2.538,2.554,0
2019-05-23,2.552,2.589,2.54,2.58,0
2019-05-24,2.579,2.604,2.542,2.6,0
2019-05-27,2.597,2.613,2.556,2.57,0
2019-05-28,2.575,2.587,2.535,2.573,0
2019-05-29,2.582,2.643,2.576,2.636,0
2019-05-30,2.619,2.628,2.534,2.56,0
2019-05-31,2.559,2.573,2.444,2.467,0
2019-06-03,2.445,2.475,2.382,2.415,0
2019-06-04,2.414,2.441,2.381,2.424,0
2019-06-05,2.42,2.426,2.355,2.371,0
2019-06-06,2.369,2.39,2.305,2.33,0
2019-06-07,2.333,2.355,2.306,2.336,0
2019-06-10,2.335,2.365,2.324,2.362,0
2019-06-11,2.363,2.406,2.336,2.402,0
2019-06-12,2.398,2.406,2.367,2.377,0
2019-06-13,2.381,2.384,2.32,2.329,0
2019-06-14,2.328,2.399,2.323,2.384,0
2019-06-17,2.389,2.418,2.357,2.38,0
2019-06-18,2.373,2.404,2.318,2.327,0
2019-06-19,2.335,2.358,2.268,2.281,0
2019-06-20,2.28,2.303,2.159,2.209,0
2019-06-21,2.213,2.222,2.181,2.199,0
2019-06-24,2.198,2.316,2.195,2.299,0
2019-06-25,2.298,2.315,2.255,2.286,0
2019-06-26,2.291,2.324,2.265,2.296,0
2019-06-27,2.269,2.339,2.265,2.32,0
2019-06-28,2.318,2.364,2.3,2.314,0
2019-07-01,2.33,2.331,2.217,2.267,0
2019-07-02,2.266,2.297,2.232,2.239,0
2019-07-03,2.24,2.296,2.237,2.287,0
2019-07-04,2.287,2.301,2.263,2.27,0
2019-07-05,2.271,2.445,2.263,2.398,0
2019-07-08,2.46,2.467,2.369,2.399,0
2019-07-09,2.397,2.437,2.36,2.43,0
2019-07-10,2.429,2.489,2.416,2.444,0
2019-07-11,2.445,2.487,2.393,2.408,0
2019-07-12,2.41,2.481,2.397,2.457,0
2019-07-15,2.462,2.469,2.383,2.395,0
2019-07-16,2.395,2.408,2.298,2.317,0
2019-07-17,2.318,2.346,2.29,2.31,0
2019-07-18,2.309,2.355,2.266,2.289,0
2019-07-19,2.29,2.3,2.242,2.253,0
2019-07-23,2.3,2.305,2.263,2.263,0
2019-07-24,2.264,2.273,2.192,2.211,0
2019-07-25,2.213,2.248,2.206,2.219,0
2019-07-26,2.22,2.225,2.147,2.151,0
2019-07-29,2.154,2.164,2.101,2.117,0
2019-07-30,2.116,2.142,2.107,2.139,0
2019-07-31,2.138,2.268,2.127,2.238,0
2019-08-01,2.238,2.333,2.165,2.169,0
2019-08-02,2.169,2.202,2.077,2.141,0
2019-08-05,2.078,2.109,2.029,2.091,0
2019-08-06,2.091,2.133,2.073,2.101,0
2019-08-07,2.103,2.145,2.074,2.086,0
2019-08-09,2.124,2.145,2.064,2.126,0
2019-08-12,2.124,2.157,2.095,2.107,0
2019-08-13,2.106,2.175,2.086,2.161,0
2019-08-14,2.159,2.203,2.122,2.158,0
2019-08-15,2.159,2.267,2.138,2.219,0
2019-08-16,2.22,2.224,2.17,2.202,0
2019-08-19,2.164,2.221,2.134,2.201,0
2019-08-20,2.202,2.231,2.187,2.213,0
2019-08-21,2.214,2.238,2.157,2.167,0
2019-08-22,2.177,2.2,2.148,2.153,0
2019-08-23,2.154,2.17,2.126,2.16,0
2019-08-26,2.171,2.241,2.16,2.229,0
2019-08-27,2.229,2.235,2.175,2.194,0
2019-08-28,2.192,2.27,2.187,2.233,0
2019-08-29,2.235,2.31,2.218,2.286,0
2019-08-30,2.288,2.299,2.257,2.28,0
2019-09-02,2.288,2.299,2.257,2.284,0
2019-09-04,2.346,2.457,2.339,2.442,0
2019-09-05,2.442,2.468,2.388,2.435,0
2019-09-06,2.435,2.505,2.403,2.489,0
2019-09-09,2.527,2.608,2.496,2.606,0
2019-09-10,2.606,2.648,2.571,2.58,0
2019-09-11,2.581,2.6,2.529,2.544,0
2019-09-12,2.547,2.585,2.512,2.575,0
2019-09-13,2.573,2.639,2.553,2.619,0
2019-09-16,2.688,2.7,2.641,2.687,0
2019-09-17,2.686,2.71,2.629,2.663,0
2019-09-18,2.663,2.696,2.603,2.633,0
2019-09-19,2.639,2.639,2.53,2.546,0
2019-09-20,2.552,2.579,2.507,2.534,0
2019-09-23,2.54,2.569,2.511,2.56,0
2019-09-24,2.557,2.617,2.515,2.524,0
2019-09-25,2.524,2.536,2.472,2.526,0
2019-09-26,2.524,2.562,2.412,2.449,0
2019-09-27,2.449,2.451,2.38,2.394,0
2019-09-30,2.38,2.392,2.324,2.327,0
2019-10-01,2.325,2.334,2.268,2.295,0
2019-10-02,2.287,2.304,2.245,2.253,0
2019-10-03,2.254,2.349,2.207,2.341,0
2019-10-04,2.336,2.398,2.263,2.349,0
2019-10-07,2.333,2.342,2.287,2.297,0
2019-10-08,2.293,2.323,2.266,2.289,0
2019-10-09,2.288,2.306,2.229,2.239,0
2019-10-10,2.239,2.274,2.202,2.205,0
2019-10-11,2.203,2.262,2.187,2.222,0
2019-10-14,2.238,2.313,2.228,2.28,0
2019-10-15,2.285,2.349,2.266,2.341,0
2019-10-16,2.342,2.384,2.277,2.289,0
2019-10-17,2.292,2.365,2.284,2.318,0
2019-10-18,2.319,2.36,2.289,2.356,0
2019-10-21,2.32,2.322,2.213,2.24,0
2019-10-22,2.436,2.478,2.436,2.446,0
2019-10-23,2.442,2.46,2.415,2.426,0
2019-10-24,2.424,2.477,2.416,2.474,0
2019-10-25,2.477,2.48,2.432,2.46,0
2019-10-28,2.505,2.588,2.499,2.56,0
2019-10-29,2.562,2.704,2.555,2.625,0
2019-10-30,2.628,2.723,2.616,2.687,0
2019-10-31,2.686,2.738,2.606,2.638,0
2019-11-01,2.637,2.718,2.575,2.699,0
2019-11-04,2.796,2.842,2.781,2.818,0
2019-11-05,2.822,2.905,2.817,2.866,0
2019-11-06,2.873,2.891,2.82,2.833,0
2019-11-07,2.823,2.882,2.753,2.784,0
2019-11-08,2.792,2.822,2.755,2.786,0
2019-11-11,2.716,2.716,2.618,2.634,0
2019-11-12,2.637,2.685,2.607,2.618,0
2019-11-13,2.622,2.68,2.57,2.673,0
2019-11-14,2.674,2.696,2.625,2.639,0
2019-11-15,2.636,2.724,2.606,2.675,0
2019-11-18,2.641,2.65,2.533,2.534,0
2019-11-19,2.608,2.626,2.57,2.572,0
2019-11-20,2.581,2.631,2.572,2.612,0
2019-11-21,2.614,2.641,2.574,2.632,0
2019-11-22,2.635,2.724,2.601,2.699,0
2019-11-25,2.738,2.743,2.564,2.578,0
2019-11-26,2.58,2.583,2.5,2.529,0
2019-11-27,2.529,2.558,2.488,2.493,0
2019-11-28,2.497,2.513,2.469,2.479,0
2019-11-29,2.472,2.513,2.27,2.31,0
2019-12-02,2.315,2.369,2.289,2.342,0
2019-12-03,2.345,2.51,2.34,2.439,0
2019-12-04,2.439,2.463,2.368,2.404,0
2019-12-05,2.406,2.463,2.396,2.418,0
2019-12-06,2.417,2.437,2.328,2.344,0
2019-12-09,2.21,2.258,2.158,2.249,0
2019-12-10,2.253,2.289,2.216,2.263,0
2019-12-11,2.265,2.303,2.24,2.244,0
2019-12-12,2.248,2.348,2.244,2.339,0
2019-12-13,2.341,2.342,2.253,2.304,0
2019-12-16,2.296,2.377,2.285,2.353,0
2019-12-17,2.349,2.362,2.282,2.316,0
2019-12-18,2.318,2.327,2.257,2.286,0
2019-12-19,2.282,2.302,2.232,2.289,0
2019-12-20,2.289,2.345,2.279,2.331,0
2019-12-23,2.246,2.256,2.203,2.211,0
2019-12-24,2.215,2.234,2.18,2.198,0
2019-12-26,2.207,2.29,2.207,2.268,0
2019-12-27,2.273,2.275,2.167,2.244,0
2019-12-30,2.247,2.258,2.182,2.188,0
2019-12-31,2.191,2.207,2.151,2.182,0
2020-01-02,2.184,2.188,2.116,2.129,0
2020-01-03,2.129,2.163,2.083,2.113,0
2020-01-06,2.112,2.173,2.099,2.149,0
2020-01-07,2.149,2.178,2.102,2.153,0
2020-01-08,2.153,2.185,2.115,2.151,0
2020-01-09,2.151,2.17,2.105,2.167,0
2020-01-10,2.166,2.234,2.137,2.206,0
2020-01-13,2.21,2.226,2.163,2.19,0
2020-01-14,2.188,2.255,2.173,2.179,0
2020-01-15,2.181,2.189,2.104,2.123,0
2020-01-16,2.134,2.17,2.071,2.076,0
2020-01-17,2.077,2.077,1.994,2.002,0
2020-01-20,1.856,1.97,1.83,1.939,0
2020-01-21,1.934,1.97,1.83,1.907,0
2020-01-22,1.912,1.942,1.895,1.912,0
2020-01-23,1.908,1.957,1.897,1.914,0
2020-01-24,1.914,1.919,1.854,1.868,0
2020-01-27,1.91,1.953,1.865,1.874,0
2020-01-28,1.878,1.927,1.86,1.91,0
2020-01-29,1.913,1.922,1.858,1.882,0
2020-01-30,1.879,1.886,1.815,1.83,0
2020-01-31,1.832,1.856,1.812,1.842,0
2020-02-03,1.852,1.88,1.814,1.823,0
2020-02-04,1.823,1.888,1.804,1.874,0
2020-02-05,1.876,1.884,1.825,1.867,0
2020-02-06,1.865,1.906,1.832,1.864,0
2020-02-07,1.863,1.898,1.842,1.85,0
2020-02-10,1.813,1.813,1.759,1.768,0
2020-02-11,1.768,1.8,1.753,1.79,0
2020-02-12,1.79,1.855,1.789,1.849,0
2020-02-13,1.846,1.869,1.823,1.828,0
2020-02-14,1.828,1.854,1.795,1.85,0
2020-02-17,1.88,1.947,1.874,1.941,0
2020-02-18,1.937,1.983,1.874,1.969,0
2020-02-19,1.969,1.978,1.945,1.966,0
2020-02-20,1.967,2.025,1.907,1.915,0
2020-02-21,1.924,1.93,1.874,1.915,0
2020-02-24,1.891,1.893,1.839,1.852,0
2020-02-25,1.853,1.879,1.833,1.842,0
2020-02-26,1.852,1.886,1.82,1.822,0
2020-02-27,1.828,1.831,1.72,1.737,0
2020-02-28,1.748,1.75,1.642,1.7,0
2020-03-02,1.695,1.765,1.68,1.756,0
2020-03-03,1.763,1.839,1.756,1.806,0
2020-03-04,1.805,1.845,1.785,1.835,0
2020-03-05,1.829,1.847,1.755,1.755,0
2020-03-06,1.767,1.767,1.705,1.73,0
2020-03-09,1.678,1.83,1.61,1.818,0
2020-03-10,1.835,1.955,1.794,1.925,0
2020-03-11,1.938,1.998,1.86,1.882,0
2020-03-12,1.883,1.883,1.75,1.818,0
2020-03-13,1.81,1.951,1.795,1.883,0
2020-03-16,1.854,1.854,1.778,1.804,0
2020-03-17,1.797,1.82,1.711,1.719,0
2020-03-18,1.721,1.728,1.555,1.635,0
2020-03-19,1.632,1.683,1.602,1.649,0
2020-03-20,1.647,1.7,1.574,1.577,0
2020-03-23,1.533,1.628,1.519,1.586,0
2020-03-24,1.66,1.752,1.656,1.742,0
2020-03-25,1.741,1.782,1.697,1.721,0
2020-03-26,1.725,1.743,1.672,1.694,0
2020-03-27,1.699,1.71,1.648,1.669,0
2020-03-30,1.63,1.708,1.613,1.701,0
2020-03-31,1.702,1.731,1.636,1.643,0
2020-04-01,1.643,1.679,1.58,1.589,0
2020-04-02,1.591,1.624,1.521,1.551,0
2020-04-03,1.551,1.659,1.53,1.649,0
2020-04-06,1.65,1.755,1.63,1.749,0
2020-04-07,1.759,1.912,1.747,1.907,0
2020-04-08,1.905,1.918,1.771,1.793,0
2020-04-09,1.791,1.825,1.721,1.746,0
2020-04-13,1.752,1.813,1.698,1.726,0
2020-04-14,1.725,1.737,1.699,1.707,0
2020-04-15,1.639,1.666,1.586,1.591,0
2020-04-16,1.591,1.719,1.555,1.686,0
2020-04-17,1.689,1.806,1.661,1.759,0
2020-04-20,1.774,1.97,1.701,1.934,0
2020-04-21,1.943,1.974,1.779,1.827,0
2020-04-22,1.836,1.952,1.774,1.909,0
2020-04-23,2.041,2.071,1.931,1.951,0
2020-04-24,1.955,1.988,1.865,1.874,0
2020-04-27,1.867,1.927,1.765,1.922,0
2020-04-28,1.92,2.018,1.884,1.953,0
2020-04-29,1.949,1.973,1.86,1.876,0
2020-04-30,1.878,1.953,1.825,1.937,0
2020-05-01,1.936,2.016,1.872,1.881,0
2020-05-04,1.961,2.006,1.935,1.988,0
2020-05-06,2.087,2.111,1.929,1.948,0
2020-05-07,1.956,1.989,1.886,1.9,0
2020-05-08,1.901,1.927,1.811,1.823,0
2020-05-11,1.838,1.89,1.803,1.848,0
2020-05-12,1.847,1.849,1.685,1.699,0
2020-05-13,1.695,1.741,1.595,1.643,0
2020-05-14,1.643,1.715,1.61,1.673,0
2020-05-15,1.675,1.732,1.634,1.636,0
2020-05-18,1.725,1.851,1.702,1.765,0
2020-05-19,1.769,1.857,1.763,1.796,0
2020-05-20,1.804,1.827,1.801,1.814,0
2020-05-21,1.91,1.916,1.832,1.865,0
2020-05-22,1.87,1.903,1.832,1.887,0
2020-05-25,1.882,1.895,1.842,1.855,0
2020-05-26,1.882,1.95,1.842,1.931,0
2020-05-27,1.935,1.979,1.867,1.877,0
2020-05-28,1.878,1.896,1.811,1.823,0
2020-05-29,1.819,1.865,1.763,1.838,0
2020-06-01,1.83,1.848,1.742,1.78,0
2020-06-02,1.78,1.801,1.758,1.773,0
2020-06-03,1.774,1.861,1.771,1.809,0
2020-06-04,1.809,1.854,1.795,1.82,0
2020-06-05,1.821,1.864,1.777,1.8,0
2020-06-08,1.81,1.816,1.75,1.81,0
2020-06-09,1.809,1.829,1.756,1.762,0
2020-06-10,1.763,1.808,1.674,1.789,0
2020-06-11,1.787,1.833,1.766,1.815,0
2020-06-12,1.817,1.822,1.727,1.743,0
2020-06-15,1.753,1.761,1.661,1.673,0
2020-06-16,1.673,1.685,1.597,1.613,0
2020-06-17,1.613,1.648,1.602,1.637,0
2020-06-18,1.638,1.661,1.611,1.638,0
2020-06-19,1.637,1.684,1.63,1.667,0
2020-06-22,1.758,1.787,1.719,1.731,0
2020-06-23,1.731,1.735,1.682,1.688,0
2020-06-24,1.688,1.715,1.652,1.661,0
2020-06-25,1.661,1.661,1.517,1.525,0
2020-06-26,1.526,1.569,1.517,1.547,0
2020-06-29,1.567,1.753,1.558,1.691,0
2020-06-30,1.697,1.784,1.688,1.757,0
2020-07-01,1.754,1.754,1.655,1.695,0
2020-07-02,1.693,1.738,1.672,1.725,0
2020-07-03,1.728,1.75,1.714,1.748,0
2020-07-06,1.738,1.864,1.733,1.829,0
2020-07-07,1.829,1.924,1.829,1.88,0
2020-07-08,1.879,1.886,1.808,1.819,0
2020-07-09,1.82,1.891,1.772,1.772,0
2020-07-10,1.776,1.835,1.737,1.819,0
2020-07-13,1.785,1.815,1.725,1.73,0
2020-07-14,1.729,1.771,1.708,1.743,0
2020-07-15,1.743,1.792,1.728,1.784,0
2020-07-16,1.783,1.808,1.703,1.727,0
2020-07-17,1.726,1.75,1.69,1.705,0
2020-07-20,1.7,1.707,1.605,1.642,0
2020-07-21,1.644,1.681,1.622,1.669,0
2020-07-22,1.669,1.698,1.622,1.692,0
2020-07-23,1.731,1.852,1.716,1.827,0
2020-07-24,1.832,1.871,1.793,1.855,0
2020-07-27,1.856,1.86,1.767,1.785,0
2020-07-28,1.784,1.867,1.777,1.861,0
2020-07-29,1.856,1.937,1.826,1.914,0
2020-07-30,1.921,1.928,1.818,1.837,0
2020-07-31,1.835,1.862,1.781,1.816,0
2020-08-03,1.859,2.154,1.852,2.098,0
2020-08-04,2.097,2.198,2.056,2.177,0
2020-08-05,2.178,2.261,2.163,2.206,0
2020-08-06,2.206,2.284,2.136,2.155,0
2020-08-07,2.153,2.256,2.14,2.253,0
2020-08-10,2.257,2.275,2.118,2.165,0
2020-08-11,2.165,2.231,2.135,2.151,0
2020-08-12,2.149,2.165,2.085,2.151,0
2020-08-13,2.152,2.205,2.139,2.192,0
2020-08-14,2.191,2.379,2.171,2.342,0
2020-08-17,2.392,2.396,2.302,2.34,0
2020-08-18,2.344,2.465,2.306,2.41,0
2020-08-19,2.417,2.455,2.375,2.43,0
2020-08-20,2.43,2.44,2.345,2.354,0
2020-08-21,2.355,2.468,2.28,2.435,0
2020-08-24,2.585,2.658,2.514,2.612,0
2020-08-25,2.616,2.649,2.568,2.577,0
2020-08-26,2.579,2.654,2.519,2.527,0
2020-08-27,2.527,2.715,2.491,2.702,0
2020-08-28,2.71,2.743,2.621,2.64,0
2020-08-31,2.629,2.653,2.497,2.628,0
2020-09-01,2.628,2.675,2.504,2.517,0
2020-09-02,2.516,2.578,2.415,2.484,0
2020-09-03,2.489,2.567,2.455,2.48,0
2020-09-04,2.483,2.605,2.431,2.577,0
2020-09-07,2.586,2.586,2.493,2.547,0
2020-09-08,2.545,2.586,2.356,2.362,0
2020-09-09,2.367,2.48,2.328,2.393,0
2020-09-10,2.382,2.407,2.305,2.312,0
2020-09-11,2.314,2.335,2.246,2.249,0
2020-09-14,2.306,2.399,2.284,2.302,0
2020-09-15,2.305,2.383,2.275,2.355,0
2020-09-16,2.356,2.389,2.233,2.253,0
2020-09-17,2.254,2.275,1.987,1.991,0
2020-09-18,1.999,2.074,1.926,2.054,0
2020-09-21,1.991,2.038,1.795,1.878,0
2020-09-22,2.732,2.742,2.561,2.589,0
2020-09-23,2.58,2.841,2.518,2.823,0
2020-09-24,2.821,2.928,2.775,2.863,0
2020-09-25,2.865,2.918,2.791,2.8,0
2020-09-28,2.785,2.823,2.704,2.767,0
2020-09-29,2.769,2.789,2.49,2.497,0
2020-09-30,2.502,2.579,2.425,2.546,0
2020-10-01,2.55,2.592,2.441,2.481,0
2020-10-02,2.485,2.551,2.373,2.44,0
2020-10-05,2.455,2.727,2.446,2.63,0
2020-10-06,2.623,2.703,2.505,2.512,0
2020-10-07,2.511,2.686,2.466,2.593,0
2020-10-08,2.59,2.651,2.508,2.632,0
2020-10-09,2.632,2.821,2.618,2.761,0
2020-10-12,2.891,2.955,2.825,2.835,0
2020-10-13,2.834,2.884,2.751,2.762,0
2020-10-14,2.761,2.771,2.61,2.651,0
2020-10-15,2.645,2.829,2.639,2.781,0
2020-10-16,2.778,2.852,2.67,2.685,0
2020-10-19,2.641,2.89,2.638,2.832,0
2020-10-20,2.831,2.95,2.824,2.898,0
2020-10-21,2.897,3.053,2.89,3.03,0
2020-10-22,3.025,3.066,2.98,2.982,0
2020-10-23,3.263,3.277,3.166,3.17,0
2020-10-26,3.176,3.293,3.159,3.243,0
2020-10-27,3.242,3.336,3.18,3.303,0
2020-10-28,3.308,3.324,3.265,3.277,0
2020-10-29,3.283,3.346,3.151,3.314,0
2020-10-30,3.313,3.396,3.256,3.388,0
2020-11-02,3.374,3.393,3.214,3.236,0
2020-11-03,3.236,3.241,3.041,3.054,0
2020-11-04,3.056,3.091,3.002,3.061,0
2020-11-05,3.062,3.113,2.925,2.933,0
2020-11-06,2.934,2.971,2.866,2.892,0
2020-11-09,2.872,2.929,2.821,2.857,0
2020-11-10,2.86,3.012,2.855,2.946,0
2020-11-11,2.948,3.057,2.911,3.024,0
2020-11-12,3.032,3.064,2.941,2.948,0
2020-11-13,2.949,3.087,2.949,2.971,0
2020-11-16,2.871,2.887,2.675,2.677,0
2020-11-17,2.684,2.732,2.649,2.689,0
2020-11-18,2.694,2.783,2.687,2.715,0
2020-11-19,2.715,2.744,2.525,2.596,0
2020-11-20,2.725,2.808,2.716,2.779,0
2020-11-23,2.822,2.839,2.756,2.811,0
2020-11-24,2.817,2.908,2.8,2.892,0
2020-11-25,2.895,3.002,2.838,2.945,0
2020-11-26,2.95,2.952,2.905,2.927,0
2020-11-27,2.935,2.963,2.828,2.848,0
2020-11-30,2.831,2.996,2.823,2.936,0
2020-12-01,2.934,2.972,2.834,2.875,0
2020-12-02,2.881,2.934,2.74,2.756,0
2020-12-03,2.76,2.768,2.484,2.511,0
2020-12-04,2.511,2.623,2.462,2.552,0
2020-12-07,2.456,2.483,2.381,2.425,0
2020-12-08,2.431,2.48,2.368,2.444,0
2020-12-09,2.454,2.524,2.421,2.424,0
2020-12-10,2.43,2.594,2.381,2.573,0
2020-12-11,2.576,2.621,2.538,2.596,0
2020-12-14,2.658,2.708,2.612,2.667,0
2020-12-15,2.669,2.7,2.596,2.667,0
2020-12-16,2.666,2.692,2.618,2.681,0
2020-12-17,2.685,2.724,2.606,2.651,0
2020-12-18,2.658,2.72,2.648,2.706,0
2020-12-21,2.73,2.73,2.632,2.699,0
2020-12-22,2.703,2.806,2.69,2.769,0
2020-12-23,2.737,2.765,2.552,2.58,0
2020-12-24,2.584,2.616,2.507,2.53,0
2020-12-28,2.322,2.368,2.263,2.351,0
2020-12-29,2.35,2.486,2.305,2.451,0
2020-12-30,2.444,2.473,2.387,2.432,0
2020-12-31,2.433,2.547,2.429,2.543,0
2021-01-04,2.626,2.67,2.566,2.596,0
2021-01-05,2.599,2.732,2.591,2.693,0
2021-01-06,2.688,2.77,2.606,2.715,0
2021-01-07,2.722,2.755,2.663,2.677,0
2021-01-08,2.675,2.73,2.626,2.7,0
2021-01-11,2.6,2.811,2.589,2.788,0
2021-01-12,2.794,2.899,2.718,2.734,0
2021-01-13,2.737,2.826,2.708,2.741,0
2021-01-14,2.742,2.791,2.66,2.665,0
2021-01-15,2.672,2.8,2.636,2.75,0
2021-01-18,2.652,2.658,2.572,2.617,0
2021-01-19,2.625,2.673,2.523,2.545,0
2021-01-20,2.544,2.567,2.454,2.531,0
2021-01-21,2.532,2.551,2.458,2.491,0
2021-01-22,2.5,2.511,2.425,2.457,0
2021-01-25,2.53,2.609,2.498,2.596,0
2021-01-26,2.597,2.662,2.59,2.629,0
2021-01-27,2.632,2.74,2.618,2.675,0
2021-01-28,2.675,2.701,2.591,2.679,0
2021-01-29,2.68,2.71,2.554,2.555,0
2021-02-01,2.73,2.868,2.712,2.827,0
2021-02-02,2.829,3.005,2.811,2.821,0
2021-02-03,2.827,2.894,2.748,2.781,0
2021-02-04,2.776,2.977,2.734,2.959,0
2021-02-05,2.957,3.057,2.851,2.882,0
2021-02-08,2.909,2.985,2.844,2.882,0
2021-02-09,2.883,2.927,2.788,2.817,0
2021-02-10,2.819,2.982,2.741,2.975,0
2021-02-11,2.975,3.045,2.839,2.866,0
2021-02-12,2.87,2.987,2.834,2.897,0
2021-02-15,3.046,3.051,2.976,3.009,0
2021-02-16,3.07,3.214,2.976,3.098,0
2021-02-17,3.098,3.316,3.049,3.234,0
2021-02-18,3.06,3.06,2.933,2.942,0
2021-02-19,2.944,3.025,2.904,2.979,0
2021-02-22,2.934,2.962,2.865,2.918,0
2021-02-23,2.921,2.932,2.842,2.86,0
2021-02-24,2.866,2.868,2.791,2.803,0
2021-02-25,2.806,2.855,2.761,2.764,0
2021-02-26,2.77,2.786,2.697,2.771,0
2021-03-01,2.8,2.809,2.724,2.781,0
2021-03-02,2.783,2.857,2.757,2.849,0
2021-03-03,2.848,2.887,2.801,2.804,0
2021-03-04,2.803,2.826,2.684,2.742,0
2021-03-05,2.743,2.755,2.681,2.693,0
2021-03-08,2.691,2.734,2.623,2.661,0
2021-03-09,2.662,2.69,2.624,2.65,0
2021-03-10,2.653,2.707,2.615,2.688,0
2021-03-11,2.689,2.714,2.636,2.67,0
2021-03-12,2.669,2.693,2.584,2.595,0
2021-03-15,2.558,2.561,2.478,2.496,0
2021-03-16,2.494,2.566,2.479,2.56,0
2021-03-17,2.562,2.565,2.489,2.521,0
2021-03-18,2.523,2.526,2.422,2.483,0
2021-03-19,2.489,2.554,2.456,2.546,0
2021-03-22,2.507,2.592,2.478,2.574,0
2021-03-23,2.614,2.615,2.551,2.557,0
2021-03-24,2.56,2.594,2.542,2.562,0
2021-03-25,2.563,2.629,2.526,2.617,0
2021-03-26,2.617,2.64,2.603,2.622,0
2021-03-29,2.624,2.656,2.582,2.641,0
2021-03-30,2.643,2.688,2.597,2.62,0
2021-03-31,2.621,2.656,2.575,2.604,0
2021-04-01,2.605,2.663,2.578,2.626,0
2021-04-05,2.593,2.616,2.488,2.519,0
2021-04-06,2.511,2.568,2.453,2.462,0
2021-04-07,2.464,2.546,2.458,2.507,0
2021-04-08,2.51,2.535,2.478,2.518,0
2021-04-09,2.52,2.552,2.503,2.518,0
2021-04-12,2.53,2.605,2.53,2.554,0
2021-04-13,2.554,2.638,2.529,2.623,0
2021-04-14,2.62,2.666,2.609,2.615,0
2021-04-15,2.617,2.685,2.583,2.663,0
2021-04-16,2.663,2.7,2.658,2.684,0
2021-04-19,2.707,2.753,2.694,2.738,0
2021-04-20,2.741,2.759,2.719,2.723,0
2021-04-21,2.724,2.725,2.666,2.697,0
2021-04-22,2.696,2.779,2.657,2.747,0
2021-04-23,2.833,2.845,2.804,2.804,0
2021-04-26,2.788,2.884,2.774,2.874,0
2021-04-27,2.873,2.948,2.864,2.936,0
2021-04-28,2.939,2.988,2.93,2.949,0
2021-04-29,2.951,2.971,2.883,2.904,0
2021-04-30,2.906,2.962,2.891,2.938,0
2021-05-03,2.938,2.975,2.9,2.957,0
2021-05-04,2.961,3.001,2.932,2.978,0
2021-05-05,2.975,2.991,2.913,2.945,0
2021-05-06,2.948,2.971,2.908,2.93,0
2021-05-07,2.93,2.989,2.905,2.969,0
2021-05-10,2.97,2.971,2.898,2.922,0
2021-05-11,2.927,2.97,2.881,2.95,0
2021-05-12,2.953,2.988,2.926,2.981,0
2021-05-13,2.983,2.998,2.937,2.972,0
2021-05-14,2.977,3.016,2.945,2.97,0
2021-05-17,3.019,3.15,3.019,3.12,0
2021-05-18,3.121,3.135,3.003,3.008,0
2021-05-19,3.009,3.015,2.94,2.961,0
2021-05-20,2.962,2.985,2.907,2.947,0
2021-05-21,3.012,3.045,2.962,2.973,0
2021-05-24,2.92,2.967,2.903,2.959,0
2021-05-25,2.956,3.003,2.951,2.991,0
2021-05-26,2.995,3.046,2.975,3.021,0
2021-05-27,3.021,3.024,2.914,2.962,0
2021-05-28,2.963,3.042,2.955,3.01,0
2021-05-31,3.036,3.053,3.015,3.041,0
2021-06-01,3.044,3.15,3.015,3.094,0
2021-06-02,3.093,3.126,3.05,3.073,0
2021-06-03,3.073,3.09,3.032,3.064,0
2021-06-04,3.063,3.121,3.01,3.096,0
2021-06-07,3.109,3.115,3.033,3.092,0
2021-06-08,3.092,3.198,3.092,3.129,0
2021-06-09,3.128,3.168,3.106,3.154,0
2021-06-10,3.154,3.2,3.131,3.151,0
2021-06-11,3.153,3.33,3.149,3.282,0
2021-06-14,3.315,3.364,3.273,3.351,0
2021-06-15,3.351,3.369,3.213,3.224,0
2021-06-16,3.222,3.274,3.187,3.245,0
2021-06-17,3.244,3.264,3.187,3.212,0
2021-06-18,3.218,3.258,3.166,3.234,0
2021-06-21,3.206,3.214,3.137,3.199,0
2021-06-22,3.198,3.281,3.188,3.261,0
2021-06-23,3.281,3.406,3.272,3.336,0
2021-06-24,3.337,3.46,3.318,3.437,0
2021-06-25,3.439,3.538,3.43,3.534,0
2021-06-28,3.525,3.653,3.505,3.588,0
2021-06-29,3.583,3.811,3.571,3.658,0
2021-06-30,3.651,3.814,3.604,3.737,0
2021-07-01,3.746,3.764,3.591,3.661,0
2021-07-02,3.663,3.741,3.598,3.702,0
2021-07-05,3.704,3.776,3.684,3.773,0
2021-07-06,3.704,3.822,3.608,3.671,0
2021-07-07,3.673,3.707,3.52,3.576,0
2021-07-08,3.579,3.72,3.54,3.684,0
2021-07-09,3.686,3.742,3.657,3.675,0
2021-07-12,3.673,3.763,3.623,3.744,0
2021-07-13,3.744,3.769,3.673,3.69,0
2021-07-14,3.694,3.755,3.624,3.67,0
2021-07-15,3.67,3.686,3.605,3.617,0
2021-07-16,3.617,3.688,3.584,3.678,0
2021-07-19,3.703,3.788,3.686,3.769,0
2021-07-20,3.772,3.934,3.74,3.929,0
2021-07-21,3.927,3.965,3.891,3.921,0
2021-07-22,3.922,4.006,3.876,3.998,0
2021-07-23,3.98,4.051,3.955,4.023,0
2021-07-26,4.0,4.165,3.99,4.076,0
2021-07-27,4.075,4.094,3.907,3.919,0
2021-07-28,3.925,4.025,3.837,3.938,0
2021-07-29,3.941,4.097,3.927,4.057,0
2021-07-30,4.051,4.055,3.855,3.913,0
2021-08-02,3.973,4.042,3.928,3.958,0
2021-08-03,3.959,4.077,3.915,4.06,0
2021-08-04,4.066,4.205,4.056,4.151,0
2021-08-05,4.152,4.205,4.116,4.157,0
2021-08-06,4.159,4.191,4.098,4.133,0
2021-08-09,4.168,4.185,4.002,4.04,0
2021-08-10,4.039,4.126,4.016,4.107,0
2021-08-11,4.11,4.129,3.979,4.055,0
2021-08-12,4.057,4.067,3.9,3.912,0
2021-08-13,3.915,3.953,3.846,3.848,0
2021-08-16,3.846,3.988,3.817,3.94,0
2021-08-17,3.938,3.954,3.803,3.829,0
2021-08-18,3.826,3.875,3.789,3.821,0
2021-08-19,3.826,3.881,3.734,3.858,0
2021-08-20,3.863,3.951,3.833,3.837,0
2021-08-23,3.867,3.97,3.852,3.944,0
2021-08-24,3.947,3.989,3.902,3.915,0
2021-08-25,3.914,4.021,3.877,3.947,0
2021-08-26,3.949,4.251,3.931,4.245,0
2021-08-27,4.237,4.417,4.221,4.413,0
2021-08-30,4.499,4.526,4.222,4.314,0
2021-08-31,4.312,4.417,4.215,4.404,0
2021-09-01,4.403,4.706,4.378,4.635,0
2021-09-02,4.639,4.727,4.577,4.631,0
2021-09-03,4.627,4.718,4.586,4.697,0
2021-09-06,4.71,4.774,4.667,4.69,0
2021-09-07,4.688,4.774,4.557,4.596,0
2021-09-08,4.598,5.01,4.585,4.922,0
2021-09-09,4.917,5.047,4.82,5.0,0
2021-09-10,5.002,5.058,4.913,4.955,0
2021-09-13,4.945,5.289,4.879,5.186,0
2021-09-14,5.199,5.369,5.171,5.281,0
2021-09-15,5.28,5.65,5.266,5.392,0
2021-09-16,5.41,5.6,5.228,5.268,0
2021-09-17,5.27,5.394,5.044,5.053,0
2021-09-20,5.015,5.172,4.905,4.955,0
2021-09-21,4.962,5.046,4.735,4.802,0
2021-09-22,4.811,4.898,4.744,4.759,0
2021-09-23,4.806,5.109,4.793,5.104,0
2021-09-24,5.105,5.241,5.045,5.235,0
2021-09-27,5.26,5.894,5.238,5.858,0
2021-09-28,5.854,6.318,5.647,5.838,0
2021-09-29,5.857,5.955,5.421,5.454,0
2021-09-30,5.457,5.994,5.341,5.97,0
2021-10-01,5.975,6.01,5.533,5.544,0
2021-10-04,5.628,6.064,5.628,5.812,0
2021-10-05,5.83,6.392,5.79,6.33,0
2021-10-06,6.321,6.466,5.663,5.714,0
2021-10-07,5.71,5.835,5.393,5.758,0
2021-10-08,5.761,5.876,5.548,5.606,0
2021-10-11,5.695,5.799,5.308,5.396,0
2021-10-12,5.408,5.523,5.168,5.459,0
2021-10-13,5.456,5.693,5.35,5.676,0
2021-10-14,5.676,5.964,5.604,5.647,0
2021-10-15,5.641,5.789,5.4,5.42,0
2021-10-18,5.299,5.37,4.955,4.982,0
2021-10-19,4.985,5.1,4.825,5.06,0
2021-10-20,5.066,5.221,4.912,5.156,0
2021-10-21,5.151,5.227,5.006,5.192,0
2021-10-22,5.428,5.59,5.336,5.49,0
2021-10-25,5.629,6.161,5.629,6.127,0
2021-10-26,6.119,6.233,5.731,5.938,0
2021-10-27,5.946,6.281,5.886,6.148,0
2021-10-28,6.138,6.206,5.713,5.731,0
2021-10-29,5.732,5.837,5.401,5.553,0
2021-11-01,5.31,5.497,5.116,5.211,0
2021-11-02,5.22,5.565,5.206,5.546,0
2021-11-03,5.553,5.865,5.465,5.855,0
2021-11-04,5.86,5.876,5.535,5.657,0
2021-11-05,5.67,5.76,5.501,5.62,0
2021-11-08,5.605,5.663,5.38,5.41,0
2021-11-09,5.41,5.467,4.91,4.967,0
2021-11-10,4.962,5.046,4.725,4.918,0
2021-11-11,4.917,5.176,4.889,5.124,0
2021-11-12,5.129,5.141,4.752,4.774,0
2021-11-15,4.903,5.065,4.713,5.051,0
2021-11-16,5.058,5.394,5.024,5.149,0
2021-11-17,5.159,5.165,4.8,4.888,0
2021-11-18,4.896,5.032,4.83,4.902,0
2021-11-19,4.895,5.156,4.838,5.072,0
2021-11-22,4.998,5.047,4.736,4.857,0
2021-11-23,4.865,5.149,4.833,5.067,0
2021-11-24,5.061,5.205,4.945,5.076,0
2021-11-25,5.069,5.139,5.026,5.12,0
2021-11-26,5.116,5.518,5.026,5.488,0
2021-11-29,5.199,5.2,4.818,4.879,0
2021-11-30,4.873,4.9,4.482,4.605,0
2021-12-01,4.606,4.664,4.22,4.269,0
2021-12-02,4.265,4.335,4.044,4.109,0
2021-12-03,4.105,4.285,4.066,4.094,0
2021-12-06,3.826,3.886,3.63,3.684,0
2021-12-07,3.68,3.829,3.657,3.73,0
2021-12-08,3.734,3.931,3.723,3.817,0
2021-12-09,3.818,3.924,3.725,3.789,0
2021-12-10,3.798,3.965,3.76,3.887,0
2021-12-13,3.975,4.085,3.77,3.826,0
2021-12-14,3.802,3.84,3.686,3.786,0
2021-12-15,3.785,3.926,3.766,3.822,0
2021-12-16,3.814,3.976,3.729,3.779,0
2021-12-17,3.783,3.814,3.617,3.669,0
2021-12-20,3.645,3.924,3.642,3.838,0
2021-12-21,3.84,3.947,3.719,3.87,0
2021-12-22,3.87,4.041,3.816,3.971,0
2021-12-23,3.86,3.896,3.518,3.612,0
2021-12-27,3.815,3.97,3.632,3.927,0
2021-12-28,3.935,4.031,3.805,3.889,0
2021-12-29,3.899,4.077,3.813,3.84,0
2021-12-30,3.853,3.966,3.536,3.596,0
2021-12-31,3.589,3.794,3.572,3.757,0
2022-01-03,3.702,3.858,3.638,3.817,0
2022-01-04,3.817,3.944,3.709,3.748,0
2022-01-05,3.747,3.897,3.717,3.84,0
2022-01-06,3.842,3.931,3.801,3.851,0
2022-01-07,3.86,3.98,3.8,3.935,0
2022-01-10,4.144,4.213,3.977,4.11,0
2022-01-11,4.119,4.261,4.007,4.216,0
2022-01-12,4.225,4.879,4.186,4.785,0
2022-01-13,4.791,4.844,4.245,4.261,0
2022-01-14,4.263,4.305,4.1,4.221,0
2022-01-17,4.356,4.39,4.216,4.251,0
2022-01-18,4.263,4.39,4.216,4.331,0
2022-01-19,4.327,4.385,4.01,4.018,0
2022-01-20,4.015,4.037,3.781,3.837,0
2022-01-21,3.68,3.829,3.669,3.751,0
2022-01-24,3.709,3.912,3.693,3.813,0
2022-01-25,3.811,3.919,3.761,3.881,0
2022-01-26,3.885,4.194,3.856,3.996,0
2022-01-27,4.0,4.42,3.99,4.338,0
2022-01-28,4.342,4.876,4.286,4.676,0
2022-01-31,4.867,5.057,4.695,4.903,0
2022-02-01,4.921,4.974,4.62,4.878,0
2022-02-02,4.893,5.572,4.857,5.409,0
2022-02-03,5.42,5.454,4.816,4.926,0
2022-02-04,4.929,5.087,4.487,4.551,0
2022-02-07,4.384,4.468,4.12,4.279,0
2022-02-08,4.276,4.381,4.173,4.207,0
2022-02-09,4.211,4.259,3.983,4.029,0
2022-02-10,4.035,4.068,3.882,3.939,0
2022-02-11,3.944,4.056,3.88,3.991,0
2022-02-14,4.103,4.229,4.04,4.181,0
2022-02-15,4.183,4.428,4.157,4.392,0
2022-02-16,4.393,4.74,4.37,4.63,0
2022-02-17,4.642,4.793,4.402,4.511,0
2022-02-18,4.451,4.585,4.306,4.382,0
2022-02-21,4.505,4.746,4.483,4.652,0
2022-02-22,4.701,4.746,4.409,4.46,0
2022-02-23,4.466,4.685,4.437,4.58,0
2022-02-24,4.592,4.938,4.555,4.575,0
2022-02-25,4.573,4.716,4.417,4.474,0
2022-02-28,4.62,4.683,4.366,4.404,0
2022-03-01,4.408,4.627,4.34,4.592,0
2022-03-02,4.6,4.911,4.6,4.788,0
2022-03-03,4.795,4.936,4.628,4.731,0
2022-03-04,4.75,5.045,4.728,4.92,0
2022-03-07,5.041,5.184,4.781,4.805,0
2022-03-08,4.818,4.882,4.507,4.579,0
2022-03-09,4.569,4.625,4.45,4.527,0
2022-03-10,4.52,4.671,4.499,4.65,0
2022-03-11,4.657,4.797,4.622,4.768,0
2022-03-14,4.705,4.759,4.506,4.668,0
2022-03-15,4.679,4.682,4.459,4.617,0
2022-03-16,4.625,4.775,4.594,4.753,0
2022-03-17,4.747,5.001,4.691,4.933,0
2022-03-18,4.93,4.957,4.811,4.896,0
2022-03-21,4.909,4.976,4.748,4.944,0
2022-03-22,4.948,5.204,4.877,5.144,0
2022-03-23,5.147,5.33,5.092,5.127,0
2022-03-24,5.158,5.508,5.114,5.46,0
2022-03-25,5.469,5.617,5.386,5.574,0
2022-03-28,5.595,5.707,5.452,5.482,0
2022-03-29,5.5,5.527,5.316,5.324,0
2022-03-30,5.329,5.624,5.27,5.568,0
2022-03-31,5.575,5.832,5.454,5.626,0
2022-04-01,5.627,5.778,5.505,5.722,0
2022-04-04,5.745,5.857,5.65,5.78,0
2022-04-05,5.782,6.201,5.771,6.084,0
2022-04-06,6.078,6.394,6.0,6.091,0
2022-04-07,6.116,6.44,6.0,6.387,0
2022-04-08,6.411,6.538,6.257,6.322,0
2022-04-11,6.394,6.722,6.247,6.699,0
2022-04-12,6.705,6.947,6.6,6.692,0
2022-04-13,6.704,7.091,6.652,7.036,0
2022-04-14,7.046,7.346,6.95,7.314,0
2022-04-18,7.367,8.065,7.365,7.764,0
2022-04-19,7.776,7.939,6.954,7.251,0
2022-04-20,7.005,7.41,6.791,6.825,0
2022-04-21,6.825,7.146,6.703,6.93,0
2022-04-22,7.076,7.214,6.56,6.575,0
2022-04-25,6.517,7.112,6.471,6.959,0
2022-04-26,6.963,7.175,6.79,7.0,0
2022-04-27,7.009,7.524,6.956,7.394,0
2022-04-28,7.395,7.422,6.879,6.944,0
2022-04-29,6.939,7.335,6.805,7.247,0
2022-05-02,7.412,7.617,7.219,7.542,0
2022-05-03,7.54,8.169,7.539,7.821,0
2022-05-04,7.815,8.474,7.729,8.351,0
2022-05-05,8.355,8.913,8.117,8.803,0
2022-05-06,8.843,8.996,7.957,7.958,0
2022-05-09,7.843,8.287,6.962,7.04,0
2022-05-10,7.03,7.463,6.43,7.3,0
2022-05-11,7.312,7.721,7.296,7.641,0
2022-05-12,7.637,7.79,7.255,7.661,0
2022-05-13,7.673,7.919,7.515,7.622,0
2022-05-16,7.7,8.183,7.663,7.98,0
2022-05-17,8.016,8.372,8.015,8.313,0
2022-05-18,8.318,8.548,8.16,8.254,0
2022-05-19,8.24,8.5,7.905,8.096,0
2022-05-20,8.112,8.189,7.837,8.057,0
2022-05-23,8.188,8.906,7.95,8.811,0
2022-05-24,8.819,9.014,8.683,8.877,0
2022-05-25,8.876,9.437,8.798,8.986,0
2022-05-26,8.978,9.447,8.626,8.824,0
2022-05-27,8.811,8.895,8.285,8.708,0
2022-05-30,8.874,8.916,8.647,8.662,0
2022-05-31,8.874,8.916,8.118,8.27,0
2022-06-01,8.271,8.791,8.146,8.77,0
2022-06-02,8.783,9.057,8.377,8.42,0
2022-06-03,8.412,8.693,8.267,8.533,0
2022-06-06,8.75,9.4,8.732,9.332,0
2022-06-07,9.359,9.544,9.2,9.34,0
2022-06-08,9.335,9.664,8.427,8.607,0
2022-06-09,8.629,9.036,8.016,9.003,0
2022-06-10,8.997,9.149,8.622,8.755,0
2022-06-13,8.92,8.95,8.382,8.666,0
2022-06-14,8.686,8.889,7.008,7.255,0
2022-06-15,7.269,7.698,7.201,7.528,0
2022-06-16,7.528,8.027,7.33,7.429,0
2022-06-17,7.429,7.588,6.881,7.005,0
2022-06-20,6.8,6.845,6.632,6.694,0
2022-06-21,6.8,6.976,6.554,6.832,0
2022-06-22,6.844,6.93,6.575,6.821,0
2022-06-23,6.829,6.854,6.237,6.256,0
2022-06-24,6.26,6.407,6.062,6.238,0
2022-06-27,6.188,6.597,6.065,6.461,0
2022-06-28,6.468,6.738,6.417,6.639,0
2022-06-29,6.632,6.833,6.405,6.416,0
2022-06-30,6.428,6.602,5.357,5.506,0
2022-07-01,5.701,5.95,5.59,5.615,0
2022-07-04,5.712,5.907,5.6,5.858,0
2022-07-05,5.712,5.907,5.325,5.456,0
2022-07-06,5.46,5.737,5.38,5.552,0
2022-07-07,5.539,6.381,5.488,6.185,0
2022-07-08,6.188,6.305,6.012,6.067,0
2022-07-11,6.446,6.689,6.232,6.523,0
2022-07-12,6.525,6.786,6.014,6.263,0
2022-07-13,6.252,6.798,6.201,6.589,0
2022-07-14,6.598,6.898,6.537,6.653,0
2022-07-15,6.669,7.144,6.42,7.116,0
2022-07-18,7.168,7.554,7.078,7.441,0
2022-07-19,7.432,7.541,7.109,7.292,0
2022-07-20,7.312,8.04,7.174,7.864,0
2022-07-21,7.873,8.176,7.606,7.872,0
2022-07-22,7.78,8.293,7.652,8.187,0
2022-07-25,8.273,8.704,8.202,8.637,0
2022-07-26,8.667,9.419,8.568,8.696,0
2022-07-27,8.701,8.99,8.345,8.573,0
2022-07-28,8.58,8.845,8.103,8.154,0
2022-07-29,8.155,8.388,8.01,8.281,0
2022-08-01,7.91,8.298,7.753,8.213,0
2022-08-02,8.228,8.233,7.625,7.677,0
2022-08-03,7.671,8.48,7.55,8.293,0
2022-08-04,8.281,8.45,7.825,8.132,0
2022-08-05,8.151,8.248,7.898,7.991,0
2022-08-08,7.876,7.917,7.532,7.649,0
2022-08-09,7.666,7.889,7.623,7.839,0
2022-08-10,7.858,8.267,7.705,8.227,0
2022-08-11,8.222,8.994,8.178,8.709,0
2022-08-12,8.717,8.919,8.516,8.773,0
2022-08-15,8.679,8.936,8.403,8.804,0
2022-08-16,8.809,9.411,8.785,9.349,0
2022-08-17,9.362,9.677,9.121,9.181,0
2022-08-18,9.181,9.663,8.913,9.183,0
2022-08-19,9.201,9.395,8.87,9.278,0
2022-08-22,9.174,9.982,9.158,9.759,0
2022-08-23,9.817,10.028,9.05,9.255,0
2022-08-24,9.196,9.408,9.063,9.206,0
2022-08-25,9.197,9.392,9.147,9.318,0
2022-08-26,9.336,9.64,9.176,9.304,0
2022-08-29,9.605,9.711,8.98,9.26,0
2022-08-30,9.262,9.3,8.865,9.067,0
2022-08-31,9.082,9.284,8.814,9.141,0
2022-09-01,9.133,9.394,9.01,9.166,0
2022-09-02,9.19,9.24,8.619,8.888,0
2022-09-05,9.028,9.126,8.69,8.742,0
2022-09-06,9.028,9.126,7.823,8.017,0
2022-09-07,8.039,8.299,7.751,7.857,0
2022-09-08,7.841,8.064,7.772,7.96,0
2022-09-09,7.975,8.205,7.888,8.037,0
2022-09-12,8.026,8.406,7.855,8.377,0
2022-09-13,8.381,8.456,8.155,8.395,0
2022-09-14,8.391,9.238,8.325,9.091,0
2022-09-15,9.073,9.117,8.204,8.285,0
2022-09-16,8.298,8.319,7.717,7.806,0
2022-09-19,7.737,7.923,7.404,7.866,0
2022-09-20,7.864,7.985,7.647,7.74,0
2022-09-21,7.735,8.123,7.56,7.739,0
2022-09-22,7.731,7.776,7.061,7.189,0
2022-09-23,7.274,7.374,6.867,7.003,0
2022-09-26,7.017,7.126,6.692,7.034,0
2022-09-27,7.055,7.24,6.74,6.769,0
2022-09-28,6.775,7.041,6.562,7.021,0
2022-09-29,7.029,7.139,6.599,6.886,0
2022-09-30,6.895,7.044,6.705,6.819,0
2022-10-03,6.8,6.829,6.305,6.51,0
2022-10-04,6.526,6.886,6.31,6.825,0
2022-10-05,6.83,7.022,6.627,6.926,0
2022-10-06,6.921,7.188,6.856,6.86,0
2022-10-07,6.856,6.926,6.6,6.608,0
2022-10-10,6.647,6.901,6.411,6.523,0
2022-10-11,6.512,6.671,6.362,6.592,0
2022-10-12,6.601,6.803,6.399,6.438,0
2022-10-13,6.439,6.777,6.337,6.685,0
2022-10-14,6.684,6.742,6.409,6.466,0
2022-10-17,6.263,6.314,5.912,5.985,0
2022-10-18,5.978,6.095,5.673,5.685,0
2022-10-19,5.686,5.784,5.427,5.439,0
2022-10-20,5.456,5.565,5.253,5.311,0
2022-10-21,5.322,5.375,4.903,4.991,0
2022-10-24,5.464,5.844,5.345,5.742,0
2022-10-25,5.739,6.281,5.727,6.272,0
2022-10-26,6.259,6.265,5.828,6.195,0
2022-10-27,6.19,6.198,5.71,5.84,0
2022-10-28,5.848,5.89,5.547,5.789,0
2022-10-31,5.832,6.4,5.823,6.294,0
2022-11-01,6.27,6.309,5.614,5.829,0
2022-11-02,5.829,6.303,5.787,6.194,0
2022-11-03,6.202,6.218,5.874,5.927,0
2022-11-04,5.935,6.51,5.893,6.459,0
2022-11-07,6.98,7.221,6.566,6.698,0
2022-11-08,6.687,6.823,6.062,6.195,0
2022-11-09,6.19,6.35,5.715,5.947,0
2022-11-10,5.95,6.262,5.764,6.152,0
2022-11-11,6.165,6.505,5.775,5.9,0
2022-11-14,6.119,6.416,5.89,6.063,0
2022-11-15,6.065,6.203,5.841,6.16,0
2022-11-16,6.138,6.25,5.727,6.201,0
2022-11-17,6.205,6.547,6.162,6.4,0
2022-11-18,6.383,6.475,6.045,6.371,0
2022-11-21,6.333,6.837,6.145,6.695,0
2022-11-22,7.183,7.55,6.899,7.532,0
2022-11-23,7.525,8.177,7.505,7.755,0
2022-11-24,7.727,7.804,7.503,7.65,0
2022-11-25,7.727,7.804,7.201,7.218,0
2022-11-28,7.218,7.386,6.929,7.328,0
2022-11-29,7.319,7.421,7.092,7.272,0
2022-11-30,7.264,7.305,6.806,6.97,0
2022-12-01,6.97,7.213,6.708,6.832,0
2022-12-02,6.829,6.839,6.221,6.222,0
2022-12-05,5.9,6.052,5.556,5.619,0
2022-12-06,5.642,5.674,5.337,5.369,0
2022-12-07,5.388,5.85,5.383,5.811,0
2022-12-08,5.814,6.164,5.77,5.931,0
2022-12-09,5.93,6.391,5.794,6.306,0
2022-12-12,6.95,7.058,6.487,6.523,0
2022-12-13,6.534,7.105,6.499,6.963,0
2022-12-14,6.951,6.961,6.337,6.356,0
2022-12-15,6.371,7.036,6.358,6.864,0
2022-12-16,6.888,6.888,6.219,6.611,0
2022-12-19,6.154,6.275,5.765,5.836,0
2022-12-20,5.832,5.906,5.256,5.354,0
2022-12-21,5.389,5.609,5.265,5.479,0
2022-12-22,5.356,5.526,4.905,4.991,0
2022-12-23,5.014,5.139,4.779,5.012,0
2022-12-27,5.19,5.245,4.99,5.09,0
2022-12-28,5.08,5.083,4.462,4.762,0
2022-12-29,4.767,4.79,4.422,4.554,0
2022-12-30,4.558,4.615,4.378,4.429,0
2023-01-03,4.393,4.393,3.894,4.005,0
2023-01-04,4.008,4.219,3.9,4.148,0
2023-01-05,4.155,4.175,3.651,3.776,0
2023-01-06,3.764,3.839,3.52,3.761,0
2023-01-09,3.81,4.128,3.781,3.903,0
2023-01-10,3.911,3.911,3.546,3.563,0
2023-01-11,3.575,3.777,3.422,3.689,0
2023-01-12,3.694,3.946,3.607,3.678,0
2023-01-13,3.677,3.76,3.384,3.478,0
2023-01-16,3.557,3.676,3.521,3.623,0
2023-01-17,3.557,3.789,3.521,3.634,0
2023-01-18,3.628,3.644,3.274,3.283,0
2023-01-19,3.293,3.396,3.186,3.197,0
2023-01-20,3.203,3.389,3.091,3.132,0
2023-01-23,3.216,3.243,2.992,3.224,0
2023-01-24,3.228,3.3,3.031,3.066,0
2023-01-25,3.065,3.078,2.86,2.874,0
2023-01-26,2.873,2.891,2.68,2.837,0
2023-01-27,2.853,2.908,2.747,2.855,0
2023-01-30,2.72,2.773,2.612,2.686,0
2023-01-31,2.685,2.753,2.614,2.719,0
2023-02-01,2.73,2.78,2.463,2.499,0
2023-02-02,2.504,2.597,2.431,2.449,0
2023-02-03,2.457,2.515,2.341,2.385,0
2023-02-06,2.422,2.5,2.365,2.495,0
2023-02-07,2.499,2.615,2.423,2.593,0
2023-02-08,2.599,2.657,2.367,2.418,0
2023-02-09,2.411,2.529,2.35,2.457,0
2023-02-10,2.464,2.589,2.41,2.58,0
2023-02-13,2.58,2.61,2.376,2.426,0
2023-02-14,2.427,2.623,2.415,2.601,0
2023-02-15,2.603,2.607,2.446,2.465,0
2023-02-16,2.464,2.559,2.358,2.393,0
2023-02-17,2.391,2.42,2.22,2.26,0
2023-02-20,2.306,2.373,2.261,2.312,0
2023-02-21,2.306,2.373,2.162,2.186,0
2023-02-22,2.188,2.422,2.113,2.293,0
2023-02-23,2.295,2.488,2.235,2.461,0
2023-02-24,2.464,2.587,2.415,2.58,0
2023-02-27,2.65,2.74,2.554,2.719,0
2023-02-28,2.723,2.788,2.568,2.774,0
2023-03-01,2.769,2.839,2.664,2.81,0
2023-03-02,2.811,2.863,2.71,2.788,0
2023-03-03,2.789,3.027,2.772,3.015,0
2023-03-06,2.83,2.83,2.532,2.601,0
2023-03-07,2.603,2.698,2.506,2.658,0
2023-03-08,2.662,2.694,2.519,2.593,0
2023-03-09,2.59,2.644,2.465,2.49,0
2023-03-10,2.494,2.562,2.425,2.436,0
2023-03-13,2.426,2.633,2.391,2.63,0
2023-03-14,2.624,2.674,2.53,2.574,0
2023-03-15,2.577,2.595,2.384,2.472,0
2023-03-16,2.483,2.554,2.429,2.532,0
2023-03-17,2.527,2.534,2.327,2.349,0
2023-03-20,2.347,2.427,2.211,2.243,0
2023-03-21,2.246,2.358,2.127,2.325,0
2023-03-22,2.456,2.462,2.287,2.353,0
2023-03-23,2.354,2.383,2.263,2.275,0
2023-03-24,2.277,2.382,2.267,2.312,0
2023-03-27,2.288,2.299,2.184,2.217,0
2023-03-28,2.221,2.26,2.142,2.16,0
2023-03-29,2.161,2.225,2.103,2.182,0
2023-03-30,2.183,2.19,2.08,2.102,0
2023-03-31,2.107,2.241,2.074,2.166,0
2023-04-03,2.085,2.16,2.015,2.114,0
2023-04-04,2.114,2.166,2.076,2.091,0
2023-04-05,2.096,2.197,2.065,2.141,0
2023-04-06,2.141,2.181,1.992,2.03,0
2023-04-10,2.019,2.223,2.011,2.179,0
2023-04-11,2.182,2.247,2.126,2.222,0
2023-04-12,2.221,2.229,2.069,2.082,0
2023-04-13,2.084,2.13,1.995,2.013,0
2023-04-14,2.015,2.132,1.946,2.106,0
2023-04-17,2.15,2.314,2.146,2.296,0
2023-04-18,2.29,2.385,2.229,2.376,0
2023-04-19,2.373,2.383,2.177,2.179,0
2023-04-20,2.179,2.271,2.14,2.185,0
2023-04-21,2.374,2.448,2.35,2.398,0
2023-04-24,2.395,2.484,2.364,2.463,0
2023-04-25,2.466,2.468,2.368,2.384,0
2023-04-26,2.385,2.413,2.274,2.311,0
2023-04-27,2.314,2.376,2.268,2.352,0
2023-04-28,2.358,2.529,2.285,2.398,0
2023-05-01,2.398,2.41,2.29,2.315,0
2023-05-02,2.314,2.345,2.186,2.22,0
2023-05-03,2.224,2.241,2.103,2.153,0
2023-05-04,2.157,2.189,2.081,2.086,0
2023-05-05,2.086,2.167,2.031,2.113,0
2023-05-08,2.148,2.255,2.14,2.248,0
2023-05-09,2.249,2.297,2.184,2.259,0
2023-05-10,2.262,2.265,2.16,2.179,0
2023-05-11,2.182,2.255,2.165,2.189,0
2023-05-12,2.191,2.335,2.147,2.277,0
2023-05-15,2.265,2.384,2.25,2.37,0
2023-05-16,2.373,2.47,2.341,2.363,0
2023-05-17,2.362,2.435,2.322,2.376,0
2023-05-18,2.38,2.634,2.352,2.618,0
2023-05-19,2.615,2.685,2.557,2.591,0
2023-05-22,2.697,2.707,2.512,2.549,0
2023-05-23,2.55,2.568,2.484,2.509,0
2023-05-24,2.514,2.575,2.495,2.572,0
2023-05-25,2.572,2.607,2.429,2.465,0
2023-05-26,2.463,2.479,2.381,2.415,0
2023-05-29,2.417,2.448,2.338,2.361,0
2023-05-30,2.417,2.448,2.257,2.311,0
2023-05-31,2.32,2.41,2.247,2.25,0
2023-06-01,2.255,2.283,2.136,2.16,0
2023-06-02,2.163,2.233,2.138,2.177,0
2023-06-05,2.214,2.317,2.184,2.267,0
2023-06-06,2.272,2.291,2.173,2.258,0
2023-06-07,2.264,2.346,2.25,2.329,0
2023-06-08,2.334,2.38,2.277,2.315,0
2023-06-09,2.32,2.338,2.25,2.26,0
2023-06-12,2.304,2.324,2.206,2.277,0
2023-06-13,2.284,2.37,2.275,2.33,0
2023-06-14,2.332,2.39,2.294,2.347,0
2023-06-15,2.346,2.568,2.315,2.555,0
2023-06-16,2.552,2.653,2.522,2.617,0
2023-06-19,2.629,2.683,2.568,2.656,0
2023-06-20,2.629,2.696,2.484,2.485,0
2023-06-21,2.487,2.602,2.448,2.588,0
2023-06-22,2.59,2.632,2.529,2.612,0
2023-06-23,2.707,2.852,2.611,2.833,0
2023-06-26,2.878,2.936,2.828,2.873,0
2023-06-27,2.881,2.895,2.759,2.805,0
2023-06-28,2.807,2.878,2.647,2.656,0
2023-06-29,2.662,2.746,2.616,2.673,0
2023-06-30,2.677,2.828,2.634,2.774,0
2023-07-03,2.729,2.746,2.67,2.698,0
2023-07-04,2.699,2.759,2.662,2.746,0
2023-07-05,2.699,2.793,2.648,2.654,0
2023-07-06,2.652,2.687,2.586,2.636,0
2023-07-07,2.635,2.675,2.536,2.561,0
2023-07-10,2.57,2.692,2.57,2.666,0
2023-07-11,2.667,2.748,2.63,2.733,0
2023-07-12,2.739,2.75,2.618,2.655,0
2023-07-13,2.659,2.666,2.539,2.555,0
2023-07-14,2.558,2.606,2.492,2.546,0
2023-07-17,2.548,2.58,2.484,2.536,0
2023-07-18,2.537,2.647,2.529,2.617,0
2023-07-19,2.62,2.657,2.584,2.627,0
2023-07-20,2.629,2.789,2.617,2.749,0
2023-07-21,2.718,2.759,2.684,2.715,0
2023-07-24,2.713,2.762,2.661,2.707,0
2023-07-25,2.707,2.771,2.672,2.728,0
2023-07-26,2.734,2.759,2.65,2.68,0
2023-07-27,2.684,2.691,2.551,2.599,0
2023-07-28,2.602,2.685,2.564,2.642,0
2023-07-31,2.659,2.693,2.605,2.642,0
2023-08-01,2.644,2.675,2.531,2.579,0
2023-08-02,2.578,2.581,2.457,2.486,0
2023-08-03,2.484,2.586,2.474,2.554,0
2023-08-04,2.556,2.619,2.529,2.579,0
2023-08-07,2.579,2.754,2.571,2.733,0
2023-08-08,2.735,2.801,2.692,2.799,0
2023-08-09,2.797,3.018,2.771,2.97,0
2023-08-10,2.974,2.998,2.747,2.785,0
2023-08-11,2.78,2.833,2.701,2.783,0
2023-08-14,2.776,2.827,2.749,2.813,0
2023-08-15,2.81,2.863,2.647,2.663,0
2023-08-16,2.664,2.674,2.568,2.605,0
2023-08-17,2.605,2.67,2.575,2.624,0
2023-08-18,2.623,2.636,2.524,2.572,0
2023-08-21,2.56,2.66,2.555,2.615,0
2023-08-22,2.618,2.636,2.54,2.558,0
2023-08-23,2.654,2.673,2.57,2.579,0
2023-08-24,2.583,2.68,2.529,2.628,0
2023-08-25,2.631,2.679,2.585,2.671,0
2023-08-28,2.74,2.829,2.653,2.681,0
2023-08-29,2.685,2.699,2.622,2.676,0
2023-08-30,2.68,2.813,2.647,2.805,0
2023-08-31,2.803,2.865,2.708,2.761,0
2023-09-01,2.765,2.86,2.735,2.757,0
2023-09-04,2.7,2.708,2.641,2.664,0
2023-09-05,2.7,2.708,2.566,2.585,0
2023-09-06,2.584,2.614,2.503,2.518,0
2023-09-07,2.516,2.614,2.5,2.578,0
2023-09-08,2.579,2.659,2.572,2.617,0
2023-09-11,2.61,2.639,2.541,2.615,0
2023-09-12,2.62,2.782,2.604,2.743,0
2023-09-13,2.747,2.777,2.64,2.714,0
2023-09-14,2.715,2.823,2.697,2.704,0
2023-09-15,2.704,2.736,2.637,2.643,0
2023-09-18,2.624,2.745,2.6,2.733,0
2023-09-19,2.729,2.872,2.71,2.834,0
2023-09-20,3.009,3.016,2.901,2.926,0
2023-09-21,2.925,2.963,2.832,2.844,0
2023-09-22,2.844,2.912,2.834,2.887,0
2023-09-25,2.889,2.937,2.862,2.9,0
2023-09-26,2.904,2.906,2.796,2.851,0
2023-09-27,2.858,2.947,2.85,2.891,0
2023-09-28,2.891,2.981,2.868,2.944,0
2023-09-29,2.949,2.997,2.855,2.93,0
2023-10-02,2.958,2.958,2.835,2.839,0
2023-10-03,2.842,2.966,2.82,2.941,0
2023-10-04,2.94,3.055,2.935,2.985,0
2023-10-05,2.988,3.205,2.965,3.186,0
2023-10-06,3.183,3.364,3.166,3.329,0
2023-10-09,3.35,3.471,3.322,3.38,0
2023-10-10,3.371,3.449,3.336,3.401,0
2023-10-11,3.405,3.454,3.225,3.386,0
2023-10-12,3.385,3.428,3.299,3.344,0
2023-10-13,3.346,3.348,3.203,3.208,0
2023-10-16,3.185,3.185,3.053,3.117,0
2023-10-17,3.124,3.137,3.024,3.06,0
2023-10-18,3.061,3.158,3.037,3.07,0
2023-10-19,3.072,3.092,2.943,2.958,0
2023-10-20,2.959,2.977,2.88,2.916,0
2023-10-23,3.25,3.297,3.216,3.272,0
2023-10-24,3.278,3.349,3.253,3.332,0
2023-10-25,3.331,3.406,3.317,3.4,0
2023-10-26,3.399,3.544,3.363,3.517,0
2023-10-27,3.511,3.643,3.435,3.439,0
2023-10-30,3.4,3.405,3.321,3.33,0
2023-10-31,3.33,3.63,3.318,3.605,0
2023-11-01,3.6,3.608,3.428,3.501,0
2023-11-02,3.506,3.52,3.401,3.509,0
2023-11-03,3.51,3.576,3.452,3.473,0
2023-11-06,3.373,3.407,3.249,3.272,0
2023-11-07,3.273,3.295,3.099,3.177,0
2023-11-08,3.176,3.188,3.058,3.12,0
2023-11-09,3.122,3.162,3.022,3.035,0
2023-11-10,3.038,3.077,2.989,3.017,0
2023-11-13,3.064,3.246,3.061,3.231,0
2023-11-14,3.233,3.264,3.086,3.098,0
2023-11-15,3.106,3.275,3.07,3.151,0
2023-11-16,3.151,3.265,3.028,3.052,0
2023-11-17,3.055,3.112,2.893,2.958,0
2023-11-20,3.115,3.134,3.04,3.042,0
2023-11-21,3.047,3.084,2.986,2.996,0
2023-11-22,2.994,3.055,2.961,3.043,0
2023-11-23,3.035,3.07,3.007,3.065,0
2023-11-24,3.035,3.095,2.933,2.996,0
2023-11-27,2.924,2.956,2.867,2.947,0
2023-11-28,2.947,2.992,2.786,2.787,0
2023-11-29,2.792,2.87,2.76,2.789,0
2023-11-30,2.799,2.855,2.761,2.806,0
2023-12-01,2.809,2.844,2.754,2.775,0
2023-12-04,2.728,2.752,2.649,2.697,0
2023-12-05,2.699,2.786,2.675,2.694,0
2023-12-06,2.699,2.757,2.541,2.565,0
2023-12-07,2.569,2.621,2.489,2.555,0
2023-12-08,2.559,2.61,2.538,2.548,0
2023-12-11,2.49,2.49,2.294,2.442,0
2023-12-12,2.438,2.461,2.276,2.277,0
2023-12-13,2.278,2.385,2.235,2.348,0
2023-12-14,2.353,2.422,2.328,2.413,0
2023-12-15,2.408,2.544,2.38,2.469,0
2023-12-18,2.503,2.597,2.488,2.515,0
2023-12-19,2.519,2.565,2.385,2.562,0
2023-12-20,2.557,2.59,2.41,2.425,0
2023-12-21,2.331,2.492,2.313,2.466,0
2023-12-22,2.465,2.501,2.41,2.476,0
2023-12-26,2.445,2.445,2.356,2.431,0
2023-12-27,2.429,2.57,2.429,2.452,0
2023-12-28,2.455,2.576,2.412,2.536,0
2023-12-29,2.539,2.561,2.489,2.497,0
2024-01-02,2.605,2.675,2.524,2.572,0
2024-01-03,2.575,2.719,2.537,2.686,0
2024-01-04,2.688,2.863,2.681,2.847,0
2024-01-05,2.845,2.906,2.681,2.903,0
2024-01-08,2.95,3.012,2.694,2.942,0
2024-01-09,2.943,3.392,2.884,3.16,0
2024-01-10,3.167,3.226,2.956,3.03,0
2024-01-11,3.029,3.231,2.945,3.117,0
2024-01-12,3.118,3.377,3.102,3.331,0
2024-01-15,3.113,3.189,3.054,3.102,0
2024-01-16,3.113,3.189,2.822,2.829,0
2024-01-17,2.843,2.958,2.756,2.867,0
2024-01-18,2.876,2.96,2.666,2.714,0
2024-01-19,2.42,2.421,2.237,2.24,0
2024-01-22,2.165,2.187,2.114,2.131,0
2024-01-23,2.133,2.194,2.079,2.19,0
2024-01-24,2.213,2.29,2.19,2.287,0
2024-01-25,2.288,2.334,2.158,2.187,0
2024-01-26,2.19,2.235,2.093,2.178,0
2024-01-29,2.159,2.166,2.047,2.056,0
2024-01-30,2.06,2.119,2.046,2.086,0
2024-01-31,2.09,2.158,2.037,2.133,0
2024-02-01,2.134,2.168,2.033,2.049,0
2024-02-02,2.054,2.1,2.021,2.091,0
2024-02-05,2.11,2.127,2.041,2.063,0
2024-02-06,2.068,2.102,1.997,1.999,0
2024-02-07,2.003,2.04,1.956,1.969,0
2024-02-08,1.97,1.993,1.867,1.884,0
2024-02-09,1.885,1.885,1.817,1.86,0
2024-02-12,1.805,1.863,1.732,1.753,0
2024-02-13,1.754,1.786,1.654,1.668,0
2024-02-14,1.669,1.685,1.59,1.608,0
2024-02-15,1.611,1.669,1.573,1.589,0
2024-02-16,1.589,1.637,1.575,1.602,0
2024-02-19,1.533,1.584,1.522,1.558,0
2024-02-20,1.533,1.709,1.522,1.699,0
2024-02-21,1.792,1.877,1.749,1.868,0
2024-02-22,1.863,1.868,1.752,1.82,0
2024-02-23,1.817,1.819,1.683,1.685,0
2024-02-26,1.75,1.834,1.716,1.756,0
2024-02-27,1.751,1.838,1.71,1.819,0
2024-02-28,1.817,1.906,1.782,1.871,0
2024-02-29,1.868,1.918,1.829,1.848,0
2024-03-01,1.852,1.888,1.81,1.835,0
2024-03-04,1.873,1.989,1.87,1.927,0
2024-03-05,1.928,2.009,1.89,1.947,0
2024-03-06,1.95,1.983,1.921,1.926,0
2024-03-07,1.929,1.955,1.782,1.795,0
2024-03-08,1.796,1.837,1.755,1.808,0
2024-03-11,1.805,1.841,1.746,1.751,0
2024-03-12,1.758,1.823,1.691,1.709,0
2024-03-13,1.713,1.717,1.651,1.664,0
2024-03-14,1.668,1.767,1.643,1.754,0
2024-03-15,1.757,1.774,1.646,1.664,0
2024-03-18,1.689,1.762,1.684,1.715,0
2024-03-19,1.717,1.769,1.701,1.748,0
2024-03-20,1.882,1.9,1.824,1.835,0
2024-03-21,1.839,1.855,1.797,1.841,0
2024-03-22,1.838,1.859,1.791,1.808,0
2024-03-25,1.817,1.825,1.758,1.799,0
2024-03-26,1.805,1.83,1.775,1.785,0
2024-03-27,1.789,1.789,1.704,1.715,0
2024-03-28,1.717,1.786,1.686,1.751,0
2024-04-01,1.755,1.853,1.706,1.841,0
2024-04-02,1.837,1.881,1.778,1.847,0
2024-04-03,1.852,1.906,1.836,1.842,0
2024-04-04,1.844,1.853,1.769,1.778,0
2024-04-05,1.779,1.823,1.755,1.784,0
2024-04-08,1.77,1.85,1.746,1.84,0
2024-04-09,1.847,1.924,1.838,1.887,0
2024-04-10,1.888,1.943,1.867,1.875,0
2024-04-11,1.874,1.892,1.754,1.767,0
2024-04-12,1.767,1.785,1.731,1.773,0
2024-04-15,1.772,1.792,1.678,1.689,0
2024-04-16,1.689,1.802,1.649,1.675,0
2024-04-17,1.695,1.724,1.66,1.717,0
2024-04-18,1.722,1.78,1.713,1.745,0
2024-04-19,1.741,1.806,1.724,1.76,0
2024-04-22,1.76,2.072,1.76,2.066,0
2024-04-23,2.066,2.14,2.018,2.131,0
2024-04-24,2.128,2.133,1.96,1.969,0
2024-04-25,1.969,1.993,1.926,1.982,0
2024-04-26,1.977,2.002,1.909,1.92,0
2024-04-29,1.92,2.056,1.916,2.048,0
2024-04-30,2.05,2.092,1.951,1.955,0
2024-05-01,1.954,1.97,1.913,1.929,0
2024-05-02,1.931,2.05,1.927,2.028,0
2024-05-03,2.028,2.16,2.012,2.149,0
2024-05-06,2.149,2.262,2.133,2.198,0
2024-05-07,2.198,2.23,2.142,2.219,0
2024-05-08,2.219,2.274,2.167,2.182,0
2024-05-09,2.186,2.316,2.153,2.308,0
2024-05-10,2.308,2.344,2.242,2.253,0
2024-05-13,2.253,2.384,2.214,2.364,0
2024-05-14,2.362,2.397,2.306,2.34,0
2024-05-15,2.362,2.424,2.313,2.404,0
2024-05-16,2.405,2.575,2.389,2.49,0
2024-05-17,2.49,2.654,2.485,2.635,0
2024-05-20,2.659,2.756,2.625,2.737,0
2024-05-21,2.737,2.798,2.64,2.659,0
2024-05-22,2.659,3.06,2.659,3.001,0
2024-05-23,3.004,3.161,2.896,2.931,0
2024-05-24,2.931,2.965,2.759,2.76,0
2024-05-27,2.76,2.853,2.732,2.794,0
2024-05-28,2.761,2.853,2.732,2.839,0
2024-05-29,2.839,2.848,2.655,2.655,0
2024-05-30,2.655,2.682,2.562,2.57,0
2024-05-31,2.57,2.624,2.518,2.578,0
2024-06-03,2.578,2.799,2.578,2.759,0
2024-06-04,2.759,2.829,2.573,2.616,0
2024-06-05,2.617,2.787,2.605,2.761,0
2024-06-06,2.762,2.877,2.724,2.809,0
2024-06-07,2.809,2.967,2.791,2.934,0
2024-06-10,2.934,3.096,2.862,2.98,0
2024-06-11,2.98,3.159,2.966,3.152,0
2024-06-12,3.152,3.152,2.995,3.026,0
2024-06-13,3.028,3.091,2.898,2.919,0
2024-06-14,2.919,3.0,2.87,2.885,0
2024-06-17,2.885,2.885,2.759,2.788,0
2024-06-18,2.788,2.916,2.772,2.902,0
2024-06-19,2.902,2.929,2.858,2.914,0
2024-06-20,2.903,2.948,2.723,2.726,0
2024-06-21,2.838,2.888,2.793,2.848,0
2024-06-24,2.848,2.953,2.78,2.932,0
2024-06-25,2.932,2.951,2.831,2.854,0
2024-06-26,2.854,2.863,2.731,2.738,0
2024-06-27,2.738,2.784,2.673,2.7,0
2024-06-28,2.702,2.765,2.594,2.6,0
2024-07-01,2.6,2.602,2.471,2.478,0
2024-07-02,2.478,2.484,2.415,2.466,0
2024-07-03,2.466,2.48,2.41,2.417,0
2024-07-04,2.421,2.44,2.335,2.381,0
2024-07-05,2.421,2.44,2.315,2.329,0
2024-07-08,2.329,2.39,2.268,2.372,0
2024-07-09,2.27,2.448,2.27,2.35,0
2024-07-10,2.35,2.385,2.292,2.323,0
2024-07-11,2.326,2.343,2.261,2.267,0
2024-07-12,2.267,2.35,2.249,2.313,0
2024-07-15,2.313,2.313,2.147,2.171,0
2024-07-16,2.171,2.218,2.149,2.18,0
2024-07-17,2.18,2.208,2.015,2.054,0
2024-07-18,2.054,2.134,2.024,2.097,0
2024-07-19,2.089,2.143,2.057,2.123,0
2024-07-22,2.104,2.27,2.09,2.231,0
2024-07-23,2.231,2.29,2.16,2.186,0
2024-07-24,2.186,2.208,2.139,2.162,0
2024-07-25,2.19,2.193,2.064,2.079,0
2024-07-26,2.082,2.096,2.039,2.04,0
2024-07-29,2.04,2.102,1.999,2.067,0
2024-07-30,2.065,2.135,1.991,2.126,0
2024-07-31,2.126,2.149,2.023,2.04,0
2024-08-01,2.046,2.126,1.965,1.976,0
2024-08-02,1.976,2.023,1.92,1.977,0
2024-08-05,1.977,1.977,1.882,1.953,0
2024-08-06,1.957,2.033,1.9,2.021,0
2024-08-07,1.957,2.12,1.957,2.102,0
2024-08-08,2.102,2.179,2.028,2.152,0
2024-08-09,2.152,2.187,2.104,2.161,0
2024-08-12,2.161,2.256,2.155,2.175,0
2024-08-13,2.175,2.239,2.134,2.158,0
2024-08-14,2.158,2.276,2.144,2.228,0
2024-08-15,2.228,2.301,2.189,2.21,0
2024-08-16,2.21,2.216,2.111,2.13,0
2024-08-19,2.125,2.254,2.097,2.253,0
2024-08-20,2.246,2.278,2.173,2.204,0
2024-08-21,2.201,2.228,2.131,2.187,0
2024-08-22,2.328,2.337,2.167,2.199,0
2024-08-23,2.199,2.211,2.154,2.186,0
2024-08-26,2.186,2.186,2.114,2.12,0
2024-08-27,2.12,2.126,2.045,2.081,0
2024-08-28,2.081,2.14,2.021,2.096,0
2024-08-29,2.096,2.149,2.026,2.141,0
2024-08-30,2.145,2.171,2.093,2.145,0
2024-09-02,2.145,2.202,2.137,2.189,0
2024-09-03,2.146,2.225,2.075,2.198,0
2024-09-04,2.146,2.27,2.131,2.139,0
2024-09-05,2.139,2.286,2.117,2.264,0
2024-09-06,2.264,2.294,2.232,2.289,0
2024-09-09,2.289,2.289,2.141,2.145,0
2024-09-10,2.145,2.258,2.125,2.235,0
2024-09-11,2.235,2.325,2.214,2.277,0
2024-09-12,2.286,2.394,2.229,2.36,0
2024-09-13,2.638,2.666,2.575,2.576,0
2024-09-16,2.576,2.656,2.547,2.649,0
2024-09-17,2.645,2.691,2.603,2.606,0
2024-09-18,2.606,2.656,2.56,2.571,0
2024-09-19,2.571,2.604,2.505,2.597,0
2024-09-20,2.603,2.743,2.582,2.733,0
2024-09-23,2.733,2.874,2.728,2.864,0
2024-09-24,2.861,2.895,2.776,2.814,0
2024-09-25,2.814,2.887,2.795,2.828,0
2024-09-26,2.829,2.883,2.731,2.744,0
2024-09-27,2.744,2.932,2.72,2.92,0
2024-09-30,2.92,2.948,2.865,2.909,0
2024-10-01,2.909,2.942,2.825,2.902,0
2024-10-02,2.902,3.0,2.87,2.923,0
2024-10-03,2.921,2.988,2.9,2.97,0
2024-10-04,2.97,3.019,2.831,2.831,0
2024-10-07,2.831,2.839,2.705,2.73,0
2024-10-08,2.73,2.781,2.699,2.71,0
2024-10-09,2.71,2.724,2.632,2.643,0
2024-10-10,2.643,2.7,2.588,2.687,0
2024-10-11,3.357,3.388,3.281,3.294,0
2024-10-14,3.294,3.294,3.178,3.179,0
2024-10-15,3.184,3.263,3.144,3.199,0
2024-10-16,3.196,3.204,3.107,3.127,0
2024-10-17,3.124,3.163,3.095,3.102,0
2024-10-18,3.106,3.115,3.051,3.055,0
2024-10-21,3.055,3.137,3.005,3.134,0
2024-10-22,3.134,3.186,3.069,3.157,0
2024-10-23,3.157,3.236,3.118,3.214,0
2024-10-24,3.214,3.304,3.16,3.253,0
2024-10-25,3.264,3.35,3.219,3.31,0
2024-10-28,3.297,3.297,3.071,3.109,0
2024-10-29,3.1,3.173,3.054,3.169,0
2024-10-30,3.169,3.171,3.032,3.074,0
2024-10-31,3.073,3.087,2.958,2.961,0
2024-11-01,3.073,3.073,2.908,2.919,0
2024-11-04,2.919,3.053,2.8,3.046,0
2024-11-05,3.042,3.07,2.915,2.943,0
2024-11-06,2.943,3.05,2.921,2.976,0
2024-11-07,2.966,3.029,2.915,2.954,0
2024-11-08,2.952,3.002,2.905,2.921,0
2024-11-11,2.921,3.169,2.921,3.148,0
2024-11-12,3.148,3.216,3.081,3.132,0
2024-11-13,3.132,3.234,3.057,3.191,0
2024-11-14,3.201,3.201,3.036,3.04,0
2024-11-15,3.04,3.113,2.975,3.104,0
2024-11-18,3.104,3.22,3.088,3.159,0
2024-11-19,3.166,3.28,3.132,3.184,0
2024-11-20,3.187,3.435,3.173,3.42,0
2024-11-21,3.423,3.593,3.392,3.531,0
2024-11-22,3.531,3.639,3.249,3.287,0
2024-11-25,3.287,3.566,3.287,3.436,0
2024-11-26,3.434,3.528,3.39,3.485,0
2024-11-27,3.434,3.47,3.189,3.194,0
2024-11-28,3.194,3.313,3.175,3.294,0
2024-11-29,3.195,3.384,3.175,3.367,0
2024-12-02,3.367,3.367,3.148,3.211,0
2024-12-03,3.22,3.22,3.03,3.052,0
2024-12-04,3.052,3.088,2.977,3.075,0
2024-12-05,3.071,3.155,3.035,3.084,0
2024-12-06,3.084,3.108,3.004,3.105,0
2024-12-09,3.105,3.324,3.105,3.188,0
2024-12-10,3.188,3.188,2.631,2.704,0
2024-12-11,2.704,2.807,2.686,2.775,0
2024-12-12,2.775,2.854,2.708,2.796,0
2024-12-13,2.8,2.807,2.737,2.746,0
2024-12-16,2.746,2.746,2.672,2.704,0
2024-12-17,2.706,2.77,2.623,2.756,0
2024-12-18,2.753,2.783,2.724,2.753,0
2024-12-19,2.751,2.89,2.745,2.883,0
2024-12-20,2.751,2.974,2.751,2.923,0
2024-12-23,3.001,3.017,2.888,2.95,0
2024-12-24,2.956,3.048,2.94,3.033,0
2024-12-26,3.033,3.06,2.867,2.883,0
2024-12-27,2.881,2.979,2.868,2.971,0
2024-12-30,2.971,3.368,2.971,3.236,0
2024-12-31,3.25,3.304,3.072,3.119,0
2025-01-02,3.119,3.243,3.056,3.144,0
2025-01-03,3.144,3.173,2.935,2.957,0
2025-01-06,2.957,3.149,2.957,3.138,0
2025-01-07,3.064,3.155,3.017,3.039,0
2025-01-08,3.039,3.19,3.024,3.176,0
2025-01-09,3.176,3.35,3.106,3.252,0
2025-01-10,3.256,3.404,3.231,3.392,0
2025-01-13,3.392,3.59,3.359,3.417,0
2025-01-14,3.425,3.476,3.284,3.433,0
2025-01-15,3.424,3.603,3.356,3.581,0
2025-01-16,3.581,3.778,3.501,3.698,0
2025-01-17,3.697,3.718,3.453,3.461,0
2025-01-20,3.461,3.461,3.366,3.431,0
2025-01-21,3.392,3.466,3.334,3.369,0
2025-01-22,3.369,3.532,3.321,3.531,0
2025-01-23,3.531,3.583,3.408,3.462,0
2025-01-24,3.462,3.474,3.342,3.432,0
2025-01-27,3.432,3.432,3.176,3.241,0
2025-01-28,3.241,3.254,3.077,3.086,0
2025-01-29,3.086,3.196,3.062,3.176,0
2025-01-30,3.176,3.24,3.035,3.081,0
2025-01-31,3.081,3.118,2.99,3.071,0
2025-02-03,3.071,3.407,3.071,3.308,0
2025-02-04,3.23,3.35,3.168,3.223,0
2025-02-05,3.223,3.375,3.161,3.349,0
2025-02-06,3.349,3.434,3.303,3.377,0
2025-02-07,3.38,3.435,3.296,3.311,0
2025-02-10,3.311,3.487,3.311,3.44,0
2025-02-11,3.406,3.576,3.406,3.508,0
2025-02-12,3.508,3.583,3.469,3.544,0
2025-02-13,3.544,3.826,3.544,3.693,0
2025-02-14,3.693,3.831,3.685,3.762,0
2025-02-17,3.762,3.762,3.636,3.666,0
2025-02-18,3.685,4.039,3.628,4.03,0
2025-02-19,4.023,4.326,3.968,4.313,0
2025-02-20,4.023,4.377,4.023,4.14,0
2025-02-21,4.133,4.335,4.121,4.179,0
2025-02-24,4.179,4.179,3.93,4.029,0
2025-02-25,4.029,4.197,3.984,4.184,0
2025-02-26,4.184,4.222,4.008,4.02,0
2025-02-27,4.02,4.118,3.944,3.991,0
2025-02-28,3.991,4.006,3.878,3.88,0
2025-03-03,3.88,4.221,3.81,4.215,0
2025-03-04,4.215,4.588,4.117,4.355,0
2025-03-05,4.355,4.567,4.291,4.522,0
2025-03-06,4.52,4.523,4.314,4.333,0
2025-03-07,4.333,4.478,4.191,4.454,0
2025-03-10,4.454,4.946,4.454,4.505,0
2025-03-11,4.505,4.641,4.392,4.402,0
2025-03-12,4.403,4.439,4.087,4.09,0
2025-03-13,4.088,4.265,4.02,4.11,0
2025-03-14,4.11,4.209,4.035,4.155,0
2025-03-17,4.155,4.278,4.046,4.072,0
2025-03-18,4.073,4.185,4.041,4.117,0
2025-03-19,4.11,4.322,4.102,4.277,0
2025-03-20,4.277,4.312,4.027,4.028,0
2025-03-21,4.035,4.089,3.931,4.004,0
2025-03-24,4.004,4.055,3.915,3.942,0
2025-03-25,3.942,4.02,3.827,3.899,0
2025-03-26,3.898,3.956,3.833,3.862,0
2025-03-27,3.862,3.958,3.732,3.92,0
2025-03-28,3.92,4.1,3.836,4.086,0
2025-03-31,4.086,4.253,4.055,4.131,0
2025-04-01,4.131,4.148,3.934,3.95,0
2025-04-02,3.95,4.089,3.935,4.014,0
2025-04-03,4.014,4.203,3.968,4.115,0
2025-04-04,4.115,4.153,3.811,3.819,0
2025-04-07,3.819,3.939,3.6,3.626,0
2025-04-08,3.63,3.783,3.462,3.48,0
2025-04-09,3.481,3.829,3.336,3.736,0
2025-04-10,3.736,3.751,3.466,3.505,0
2025-04-11,3.797,3.884,3.69,3.865,0
2025-04-14,3.865,3.954,3.657,3.678,0
2025-04-15,3.711,3.73,3.57,3.682,0
2025-04-16,3.677,3.7,3.605,3.674,0
2025-04-17,3.674,3.758,3.614,3.669,0
2025-04-21,3.669,3.669,3.415,3.468,0
2025-04-22,3.471,3.492,3.357,3.418,0
2025-04-23,3.418,3.482,3.361,3.43,0
2025-04-24,3.429,3.429,3.303,3.391,0
2025-04-25,3.389,3.443,3.334,3.434,0
2025-04-28,3.434,3.624,3.339,3.584,0
2025-04-29,3.584,3.713,3.572,3.671,0
2025-04-30,3.675,3.692,3.574,3.66,0
2025-05-01,3.661,3.856,3.648,3.762,0
2025-05-02,3.755,3.993,3.745,3.986,0
2025-05-05,3.986,4.075,3.86,3.887,0
2025-05-06,3.888,3.963,3.787,3.838,0
2025-05-07,3.838,3.981,3.838,3.947,0
2025-05-08,3.947,4.029,3.87,3.957,0
2025-05-09,3.96,4.117,3.952,4.091,0
2025-05-12,4.091,4.125,3.951,4.012,0
2025-05-13,4.012,4.049,3.904,3.951,0
2025-05-14,3.951,3.952,3.788,3.797,0
2025-05-15,3.793,3.832,3.7,3.726,0
2025-05-16,3.726,3.79,3.666,3.684,0
2025-05-19,3.684,3.684,3.436,3.444,0
2025-05-20,3.445,3.795,3.444,3.754,0
2025-05-21,3.754,3.84,3.678,3.72,0
2025-05-22,3.72,3.742,3.609,3.674,0
2025-05-23,3.674,3.735,3.599,3.705,0
2025-05-26,3.705,3.807,3.641,3.672,0
2025-05-27,3.775,3.807,3.625,3.755,0
2025-05-28,3.755,3.832,3.534,3.538,0
2025-05-29,3.538,3.576,3.437,3.533,0
2025-05-30,3.533,3.564,3.44,3.458,0
2025-06-02,3.458,3.75,3.458,3.743,0
2025-06-03,3.743,3.764,3.63,3.722,0
2025-06-04,3.722,3.74,3.661,3.706,0
2025-06-05,3.706,3.791,3.62,3.66,0
2025-06-06,3.66,3.817,3.649,3.785,0
2025-06-09,3.785,3.785,3.581,3.611,0
2025-06-10,3.611,3.662,3.515,3.523,0
2025-06-11,3.523,3.626,3.453,3.52,0
2025-06-12,3.52,3.644,3.466,3.536,0
2025-06-13,3.624,3.713,3.593,3.695,0
2025-06-16,3.695,3.837,3.695,3.821,0
2025-06-17,3.821,3.956,3.806,3.943,0
2025-06-18,3.944,4.068,3.902,4.042,0
2025-06-19,4.046,4.168,4.032,4.142,0
2025-06-20,4.046,4.198,3.901,3.964,0
2025-06-23,3.964,4.006,3.763,3.775,0
2025-06-24,3.775,3.778,3.643,3.678,0
2025-06-25,3.678,3.706,3.57,3.6,0
2025-06-26,3.596,3.609,3.435,3.568,0
2025-06-27,3.553,3.769,3.542,3.755,0
2025-06-30,3.755,3.755,3.454,3.488,0
2025-07-01,3.487,3.499,3.327,3.44,0
2025-07-02,3.44,3.548,3.389,3.524,0
2025-07-03,3.525,3.599,3.416,3.427,0
2025-07-04,3.427,3.455,3.391,3.41,0
2025-07-07,3.41,3.5,3.308,3.436,0
2025-07-08,3.433,3.492,3.357,3.378,0
2025-07-09,3.378,3.386,3.193,3.242,0
2025-07-10,3.242,3.421,3.224,3.388,0
2025-07-11,3.388,3.443,3.33,3.387,0
2025-07-14,3.387,3.523,3.387,3.488,0
2025-07-15,3.488,3.575,3.436,3.543,0
2025-07-16,3.556,3.631,3.527,3.587,0
2025-07-17,3.589,3.654,3.546,3.546,0
2025-07-18,3.555,3.657,3.527,3.597,0
2025-07-21,3.597,3.597,3.319,3.345,0
2025-07-22,3.345,3.36,3.247,3.29,0
2025-07-23,3.29,3.299,3.107,3.109,0
2025-07-24,3.109,3.207,3.109,3.163,0
2025-07-25,3.163,3.2,3.124,3.15,0
2025-07-28,3.15,3.192,3.061,3.1,0
2025-07-29,3.11,3.19,3.1,3.165,0
2025-07-30,3.165,3.186,3.014,3.015,0
2025-07-31,3.015,3.114,2.972,3.098,0
2025-08-01,3.098,3.131,3.051,3.095,0
2025-08-04,3.095,3.095,2.895,2.951,0
2025-08-05,2.946,3.041,2.929,3.011,0
2025-08-06,3.011,3.096,2.945,3.092,0
2025-08-07,3.092,3.148,3.035,3.081,0
2025-08-08,3.081,3.106,2.96,2.996,0
2025-08-11,2.996,3.0,2.881,2.984,0
2025-08-12,2.984,2.985,2.774,2.782,0
2025-08-13,2.782,2.954,2.782,2.924,0
2025-08-14,2.924,2.96,2.879,2.955,0
2025-08-15,2.955,3.064,2.943,3.028,0
2025-08-18,3.028,3.028,2.911,3.001,0
2025-08-19,3.001,3.009,2.827,2.855,0
2025-08-20,2.857,2.869,2.82,2.852,0
2025-08-21,2.852,2.933,2.833,2.902,0
2025-08-22,2.903,2.912,2.787,2.799,0
2025-08-25,2.799,2.826,2.738,2.821,0
2025-08-26,2.821,2.842,2.755,2.824,0
2025-08-27,2.824,2.914,2.777,2.877,0
2025-08-28,2.877,2.999,2.85,2.986,0
2025-08-29,2.986,3.023,2.921,3.015,0
2025-09-01,3.015,3.065,2.929,2.981,0
2025-09-02,2.972,3.065,2.869,2.989,0
2025-09-03,2.989,3.131,2.964,3.07,0
2025-09-04,3.07,3.13,3.022,3.077,0
2025-09-05,3.077,3.13,3.021,3.025,0
2025-09-08,3.025,3.198,3.025,3.097,0
2025-09-09,3.358,3.406,3.291,3.341,0
2025-09-10,3.346,3.35,3.264,3.303,0
2025-09-11,3.303,3.326,3.203,3.205,0
2025-09-12,3.205,3.258,3.175,3.209,0
2025-09-15,3.209,3.306,3.173,3.301,0
2025-09-16,3.301,3.375,3.17,3.361,0
2025-09-17,3.361,3.419,3.332,3.337,0
2025-09-18,3.34,3.365,3.224,3.231,0
2025-09-19,3.231,3.241,3.174,3.208,0
2025-09-22,3.208,3.233,3.09,3.09,0
2025-09-23,3.09,3.151,3.055,3.144,0
2025-09-24,3.144,3.189,3.096,3.149,0
2025-09-25,3.149,3.261,3.131,3.229,0
2025-09-26,3.229,3.248,3.122,3.177,0
2025-09-29,3.177,3.299,3.133,3.275,0
2025-09-30,3.275,3.351,3.245,3.331,0
2025-10-01,3.331,3.492,3.318,3.446,0
2025-10-02,3.446,3.585,3.402,3.403,0
2025-10-03,3.403,3.451,3.307,3.335,0
2025-10-06,3.335,3.485,3.296,3.399,0
2025-10-07,3.399,3.524,3.355,3.519,0
2025-10-08,3.519,3.55,3.316,3.338,0
2025-10-09,3.338,4.332,3.338,4.214,0
2025-10-10,4.214,4.222,4.11,4.144,0
2025-10-13,4.107,4.151,4.04,4.096,0
2025-10-14,4.096,4.096,4.013,4.021,0
2025-10-15,4.021,4.022,3.953,3.998,0
2025-10-16,3.994,4.035,3.933,3.938,0
2025-10-17,3.939,4.06,3.913,4.05,0
2025-10-20,4.05,4.33,4.05,4.318,0
2025-10-21,4.325,4.372,4.236,4.36,0
2025-10-22,4.36,4.412,4.289,4.322,0
2025-10-23,4.322,4.385,4.29,4.292,0
2025-10-24,4.292,4.338,4.201,4.307,0
2025-10-27,4.307,4.374,4.198,4.231,0
2025-10-28,4.237,4.259,4.104,4.116,0
2025-10-29,4.112,4.147,4.052,4.082,0
2025-10-30,4.076,4.313,4.066,4.298,0
2025-10-31,4.297,4.38,4.247,4.371,0
2025-11-03,4.371,4.518,4.343,4.477,0
2025-11-04,4.477,4.622,4.429,4.54,0
2025-11-05,4.54,4.586,4.443,4.471,0
2025-11-06,4.473,4.629,4.433,4.615,0
2025-11-07,4.615,4.615,3.79,3.833,0
2025-11-10,3.833,3.949,3.772,3.848,0
2025-11-11,3.849,3.964,3.792,3.932,0
2025-11-12,3.929,3.981,3.904,3.954,0
2025-11-13,3.954,4.028,3.914,3.96,0
2025-11-14,3.956,3.985,3.847,3.893,0
2025-11-17,3.893,3.932,3.812,3.82,0
2025-11-18,3.82,3.862,3.751,3.814,0
2025-11-19,3.815,3.927,3.797,3.9,0
2025-11-20,3.891,3.942,3.823,3.836,0
2025-11-21,3.83,3.921,3.818,3.88,0
2025-11-24,3.88,3.88,3.77,3.772,0
2025-11-25,3.772,3.799,3.645,3.683,0
2025-11-26,3.683,3.761,3.662,3.722,0
2025-11-27,3.722,3.739,3.665,3.733,0
2025-11-28,3.723,3.847,3.665,3.839,0
2025-12-01,3.839,3.891,3.777,3.838,0
2025-12-02,3.835,3.889,3.823,3.855,0
2025-12-03,3.855,4.055,3.85,4.047,0
2025-12-04,4.054,4.13,3.985,4.12,0
2025-12-05,4.131,4.326,4.108,4.234,0
2025-12-08,4.234,4.234,3.82,3.821,0
2025-12-09,3.821,3.85,3.676,3.695,0
2025-12-10,3.695,3.752,3.631,3.723,0
2025-12-11,3.723,3.723,3.54,3.57,0
2025-12-12,3.57,3.585,3.394,3.398,0
2025-12-15,3.398,3.479,3.303,3.353,0
2025-12-16,3.352,3.362,3.241,3.299,0
2025-12-17,3.298,3.39,3.28,3.387,0
2025-12-18,3.396,3.437,3.177,3.223,0
2025-12-19,3.23,3.233,3.147,3.214,0
2025-12-22,3.214,3.288,3.007,3.073,0
2025-12-23,3.073,3.301,3.051,3.28,0
2025-12-24,3.271,3.326,3.19,3.221,0
2025-12-26,3.209,3.349,3.209,3.306,0
2025-12-29,3.306,3.4,3.28,3.335,0
2025-12-30,3.335,3.476,3.328,3.354,0
2025-12-31,3.368,3.368,3.125,3.159,0
2026-01-02,3.159,3.159,3.033,3.06,0
2026-01-05,3.06,3.06,2.825,2.884,0
2026-01-06,2.885,2.899,2.792,2.873,0
2026-01-07,2.874,2.95,2.866,2.935,0
2026-01-08,2.935,2.962,2.804,2.819,0
2026-01-09,2.828,2.841,2.578,2.625,0
2026-01-12,2.625,2.863,2.625,2.81,0
2026-01-13,2.813,2.903,2.771,2.847,0
2026-01-14,2.838,2.879,2.637,2.691,0
2026-01-15,2.691,2.74,2.595,2.681,0
2026-01-16,2.676,2.739,2.631,2.702,0
2026-01-19,2.702,3.032,2.702,2.94,0
2026-01-20,2.912,3.242,2.854,3.184,0
2026-01-21,3.184,3.582,3.114,3.527,0
2026-01-22,3.527,3.712,3.416,3.47,0
2026-01-23,3.47,3.664,3.41,3.642,0
2026-01-26,3.642,3.997,3.642,3.848,0
2026-01-27,3.848,3.916,3.658,3.778,0
2026-01-28,3.778,3.899,3.576,3.721,0
2026-01-29,3.721,3.93,3.721,3.878,0
2026-01-30,3.878,4.425,3.818,4.416,0
2026-02-02,3.708,3.736,3.155,3.261,0
2026-02-03,3.261,3.397,3.169,3.376,0
2026-02-04,3.37,3.548,3.264,3.458,0
2026-02-05,3.458,3.573,3.328,3.513,0
2026-02-06,3.517,3.659,3.387,3.405,0
2026-02-09,3.405,3.405,3.111,3.14,0
2026-02-10,3.141,3.214,3.061,3.162,0
2026-02-11,3.162,3.249,3.055,3.233,0
2026-02-12,3.233,3.233,3.08,3.099,0
2026-02-13,3.099,3.121,3.014,3.083,0
2026-02-16,3.083,3.083,2.917,3.011,0
2026-02-17,2.995,3.075,2.917,2.974,0
2026-02-18,2.977,2.981,2.893,2.956,0
2026-02-19,2.966,3.021,2.936,2.948,0
2026-02-20,2.947,3.094,2.935,3.009,0
2026-02-23,3.009,3.161,2.934,2.936,0
2026-02-24,2.936,2.956,2.849,2.858,0
2026-02-25,2.858,2.951,2.844,2.908,0
2026-02-26,2.908,2.91,2.807,2.863,0
2026-02-27,2.863,2.915,2.849,2.88,0
2026-03-02,2.88,3.09,2.88,3.009,0
2026-03-03,3.005,3.209,3.003,3.063,0
2026-03-04,3.064,3.096,2.919,2.952,0
2026-03-05,2.956,3.07,2.941,3.016,0
2026-03-06,3.031,3.284,2.97,3.196,0
2026-03-09,3.196,3.488,3.029,3.035,0
2026-03-10,3.036,3.154,2.965,3.067,0
2026-03-11,3.071,3.23,3.03,3.228,0
2026-03-12,3.235,3.291,3.144,3.237,0
2026-03-13,3.237,3.292,3.103,3.123,0
2026-03-16,3.123,3.175,2.981,3.02,0
2026-03-17,3.02,3.08,2.988,3.014,0
2026-03-18,3.014,3.17,2.897,3.161,0
2026-03-19,3.161,3.228,3.06,3.085,0
2026-03-20,3.085,3.136,3.012,3.07,0
2026-03-23,3.07,3.134,2.861,2.896,0
2026-03-24,2.896,2.943,2.844,2.863,0
2026-03-25,2.866,2.943,2.825,2.94,0
2026-03-26,2.94,2.986,2.878,2.919,0
2026-03-27,2.92,3.06,2.913,3.035,0
2026-03-30,3.035,3.057,2.851,2.886,0
2026-03-31,2.887,2.977,2.803,2.878,0
2026-04-01,2.88,2.899,2.785,2.812,0
2026-04-02,2.812,2.889,2.779,2.806,0
2026-04-06,2.806,2.868,2.769,2.801,0
2026-04-07,2.801,2.888,2.756,2.84,0
2026-04-08,2.84,2.844,2.702,2.732,0
2026-04-09,2.732,2.738,2.655,2.672,0
2026-04-10,2.672,2.689,2.628,2.652,0
2026-04-13,2.652,2.723,2.615,2.627,0
2026-04-14,2.628,2.66,2.561,2.592,0
2026-04-15,3.063,3.076,3.026,3.063,0
2026-04-16,3.059,3.11,3.036,3.109,0
2026-04-17,3.109,3.128,3.044,3.106,0
2026-04-20,3.106,3.158,3.09,3.096,0
2026-04-21,3.095,3.137,3.073,3.128,0
2026-04-22,3.111,3.176,3.1,3.125,0
2026-04-23,3.121,3.147,3.001,3.035,0
2026-04-24,3.035,3.049,2.954,2.994,0
2026-04-27,2.994,3.092,2.987,3.027,0
2026-04-28,3.029,3.042,2.976,2.977,0
2026-04-29,2.984,2.99,2.919,2.942,0
2026-04-30,2.942,3.065,2.893,3.037,0
2026-05-01,3.037,3.095,3.026,3.082,0
2026-05-04,3.065,3.176,3.048,3.147,0
2026-05-05,3.147,3.153,3.046,3.065,0
2026-05-06,3.063,3.071,2.972,2.996,0
2026-05-07,2.996,3.063,2.951,3.035,0
2026-05-08,3.045,3.087,2.991,2.999,0
2026-05-11,2.999,3.148,2.994,3.142,0
2026-05-12,3.142,3.152,3.021,3.044,0
2026-05-13,3.041,3.11,3.007,3.063,0
2026-05-14,3.063,3.113,3.001,3.111,0
2026-05-15,3.111,3.148,3.083,3.117,0
2026-05-18,3.117,3.232,3.117,3.185,0
2026-05-19,3.186,3.299,3.174,3.284,0
2026-05-20,3.284,3.307,3.14,3.165,0
2026-05-21,3.165,3.208,3.117,3.135,0
2026-05-22,3.133,3.148,3.008,3.033,0
2026-05-25,3.033,3.096,2.982,3.041,0
2026-05-26,3.021,3.104,2.982,3.008,0
2026-05-27,3.008,3.15,2.978,3.087,0
2026-05-28,3.087,3.306,3.057,3.303,0
2026-05-29,3.299,3.388,3.272,3.272,0
2026-06-01,3.272,3.396,3.16,3.186,0
2026-06-02,3.186,3.228,3.099,3.17,0
2026-06-03,3.172,3.262,3.143,3.254,0
2026-06-04,3.254,3.376,3.211,3.356,0
2026-06-05,3.355,3.365,3.208,3.22,0
2026-06-08,3.22,3.22,3.097,3.142,0
2026-06-09,3.144,3.207,3.117,3.137,0
2026-06-10,3.137,3.249,3.072,3.184,0
2026-06-11,3.184,3.204,3.054,3.085,0
2026-06-12,3.085,3.147,3.05,3.144,0
2026-06-15,3.144,3.144,3.028,3.138,0
2026-06-16,3.142,3.244,3.114,3.237,0
2026-06-17,3.237,3.275,3.122,3.158,0
2026-06-18,3.164,3.243,3.137,3.219,0
2026-06-19,3.219,3.253,3.191,3.206,0
2026-06-22,3.206,3.326,3.191,3.22,0
2026-06-23,3.22,3.263,3.132,3.153,0
2026-06-24,3.169,3.227,3.136,3.219,0
2026-06-25,3.219,3.304,3.176,3.226,0
2026-06-26,3.223,3.319,3.214,3.234,0
2026-06-29,3.235,3.261,3.112,3.12,0
2026-06-30,3.12,3.246,3.107,3.178,0
2026-07-01,3.178,3.19,3.122,3.135,0
2026-07-02,3.135,3.136,3.072,3.115,0
2026-07-03,3.109,3.165,3.108,3.141,0
2026-07-06,3.141,3.179,3.077,3.13,0
2026-07-07,3.126,3.181,3.088,3.178,0
2026-07-08,3.178,3.245,3.127,3.135,0
2026-07-09,3.135,3.157,2.946,2.962,0
2026-07-10,2.967,2.971,2.836,2.9,0
2026-07-13,2.9,2.903,2.81,2.865,0
2026-07-14,2.865,2.884,2.821,2.881,0
2026-07-15,2.881,2.905,2.832,2.886,0
2026-07-16,2.887,2.931,2.799,2.855,0
2026-07-17,2.859,2.889,2.809,2.883,0
